cluster	tablet	objectId	signs
1	153204	P325738	1(N14) 1(N45) 1(N46) 1(N57) 2(N01) 2(N14) 2(N19) 2(N34) 2(N36) 2(N45) 2(N46) 2(N57) 3(N01) 3(N04) 3(N14) 3(N19) 3(N34) 4(N14) 5(N01) 5(N14) 6(N14) 7(N14) 8(N14) EN~a GI6 GIBIL HI KISAL~b1 KU6~a ME~a NAM2 PA~a SAG SI SZAM2 SZE~a U4 ZATU694e
1	153217	P325223	1(N01) 1(N19) 2(N01) 2(N14) 3(N14) 5(N04) DU GISZ3~a LAGAB~b SI SI4~f SZE~a TE
1	153224	P325233	1(N14) 1(N45) 2(N01) 2(N04) 2(N14) 2(N57) 3(N01) 3(N14) 4(N01) 4(N04) 4(N14) 5(N14) 6(N14) A BU~a DU E2~a EN~a GI6 GIR3@g~b GISZ3~b KI KU3~a NAM2 NAR NIR~b NUMUN PAP~a PA~a RU SAR~a SZE~a TUR U4 URU~a1 ZATU773~a
1	153685	P387744	1(N14) 1(N34) 2(N01) 2(N14) 2(N45) 2(N57) 3(N01) 3(N57) 4(N14) 5(N01) 7(N14) DU EN~a E~a GAN2 NAM2 NUN~a PAP~a PAP~a@t SAL SI SI4~f SZE~a SZU
1	153704	P464169	1(N01) 1(N04) 1(N19) 2(N01) 2(N04) 2(N14) 2(N19) 3(N01) 4(N04) 4(N14) AB~a E~a KISAL~b1 LAGAB~b NAM2 SI4~f SZE~a TE
1	153716	P464181	1(N01) 1(N04) 1(N14) 2(N01) 2(N04) 2(N14) 2(N19) 3(N01) 3(N14) 3(N19) 3(N57) 5(N14) 6(N14) 7(N14) 7(N19) DU EN2 EN~a E~a GAN2 GI GIBIL KISAL~b1 KU~b1 LA2 LAGAB~b MUSZ3~a NAM2 NUN~a PAP@t PAP~a SI SI4~f SZE~a TE U4 ZATU659
1	153717	P464182	1(N14) 1(N19) 1(N45) 1(N46) 1(N57) 2(N01) 2(N14) 2(N19) 2(N45) 3(N01) 3(N04) 3(N14) 3(N19) 3(N57) 4(N01) 4(N04) 4(N14) 4(N19) 5(N04) 5(N14) 6(N14) 7(N19) 8(N19) EN2 EN~a E~a IDIGNA KISAL~b1 KU~b1 LA2 MUSZ3~a NAM2 NUN~a PAP@t PAP~a PA~a SI SI4~f SZEG9 SZE~a TE ZATU659
1	155229	P005445	1(N01) 1(N14) 1(N34) 1(N45) 1(N46) 2(N01) 2(N14) 2(N36) 2(N45) 2(N46) 3(N01) 3(N04) 3(N14) 3(N34) 3(N36) 4(N01) 4(N19) 4(N34) 5(N04) 5(N14) 5(N19) 6(N14) 6(N19) 6(N34) 7(N14) 8(N14) 9(N14) 9(N19) AN BU~a DU6~a E2~a EN~a EZINU~a GI GUN3~b MAR~a NAM2 NIM~a PAP~a PA~a RU SANGA~a SZE~a
1	155231	P005447	1(N01) 1(N14) 1(N34) 1(N45) 1(N46) 2(N01) 2(N04) 2(N14) 2(N19) 2(N45) 3(N14) 4(N01) 4(N04) 4(N19) 5(N01) 5(N14) 6(N14) 7(N14) 9(N14) 9(N19) AB~a AN APIN~a BU~a DU6~a E2~a EN~a EZINU~a GAN2 GI GUN3~b KU6~a MAR~a NAM2 NIM~a PAP~a PA~a RU SZE~a SZUBUR
1	155234	P005450	1(N01) 1(N04) 1(N14) 1(N19) 1(N34) 1(N45) 1(N46) 2(N01) 2(N14) 2(N34) 2(N45) 2(N46) 3(N01) 3(N04) 4(N01) 4(N04) 4(N19) 4(N34) 4(N36) 5(N01) 5(N14) 6(N19) 7(N14) 7(N34) A AN APIN~a BA BU~a DU E2~a EN~a GIBIL KASZ~c MAR~a MUSZEN PAP~a PA~a RAD~a SZAM2 SZE~a SZUBUR
1	155248	P005464	1(N14) 1(N34) 1(N45) 2(N01) 2(N34) 2(N45) 2(N46) 3(N01) 3(N14) 3(N19) 3(N36) 4(N01) 4(N34) 5(N14) 6(N14) 8(N14) A AN BU~a DIB DUG~a EN~a GIBIL MAR~a NAM2 PAP~a PA~a RU SZE~a U2~b U4
2	154945	P005152	1(N14) 1(N34) 1(N60) 2(N01) 2(N03) 2(N14) 2(N34) 2(N52) 3(N14) 3(N20) 4(N01) 4(N14) 5(N01) 5(N18) 6(N01) 6(N20) 8(N01) 9(N14) DU DUR~b EN~a GAL~a GI KID~b ME~a NI~a PA~a RU SZU2 U4 UB UDU~a ZATU753
2	154946	P005153	1(N14) 1(N34) 1(N57) 1(N60) 2(N01) 2(N14) 2(N52) 3(N14) 3(N34) 5(N01) 6(N20) 8(N01) 9(N20) DUR~b GI KASZ~b SZU2 U4 UDU~a
2	154947	P005154	1(N14) 1(N47) 1(N57) 1(N60) 2(N01) 2(N03) 2(N14) 2(N52) 3(N05) 4(N01) 5(N18) 5(N20) 6(N01) GI KASZ~b KID~b ME~a NI~a RU U4 ZATU753
2	154949	P005156	1(N05) 1(N14) 1(N18) 1(N20) 1(N38) 1(N45) 1(N52) 1(N58) 2(N03) 2(N14) 2(N20) 2(N52) 3(N14) 3(N57) 4(N01) 4(N14) 4(N20) 4(N39~a) 4(N57) 5(N01) 5(N05) 5(N57) 6(N01) 9(N14) AB~a BAD~a BAR DUR~b EN~a ERIN GI GIBIL GIR3@g~b KID~b KU3~a NI~a NUNUZ~a1 PA~a RU SU~a SZE~a SZU2 U4 UDU~a UKKIN~a
2	154950	P005157	1(N01) 1(N02) 1(N14) 1(N24) 1(N34) 1(N45) 1(N51) 2(N01) 2(N14) 2(N18) 2(N45) 3(N01) 3(N39~a) 3(N52) 3(N57) 4(N01) 4(N05) 6(N01) 6(N20) 6(N51) 8(N01) 9(N14) AB~a AMAR BA DUG~a DUR~b GAR GI GIBIL GIR3@g~b GISZ KALAM~a KID~b LAGAB~b NI~a PA~a RU SAG SU~a SZE~a SZU2 U2~b U4 UDU~a UNUG~a ZATU644~a ZATU800
2	154954	P005161	1(N02) 1(N04) 1(N14) 1(N24) 1(N25) 1(N34) 1(N37) 1(N38) 1(N45) 2(N01) 2(N05) 2(N14) 2(N18) 2(N20) 2(N34) 2(N39~a) 2(N42~a) 2(N47) 2(N52) 3(N01) 3(N05) 3(N14) 3(N20) 3(N57) 4(N01) 4(N03) 4(N20) 4(N57) 5(N01) 5(N14) 5(N21) 6(N01) 6(N57) 7(N19) 8(N01) 8(N14) 9(N01) 9(N14) AB~a AMAR BU~a DUR~b EN~a GI GIBIL GIR3@g~b KALAM~a KALAM~b KI KID~a MUSZEN NAM2 NI~a NUNUZ~a1 PAP~a PA~a RU SAL SU~a SZE3 SZE~a SZU2 U4 UDU~a ZATU644~a
2	154955	P005162	1(N01) 1(N03) 1(N05) 1(N14) 1(N20) 1(N25) 1(N38) 1(N52) 1(N58) 2(N01) 2(N03) 2(N14) 2(N20) 2(N42~a) 3(N01) 3(N03) 3(N05) 3(N14) 3(N57) 4(N57) 5(N01) 5(N05) 5(N14) 5(N20) 6(N01) AMAR BAD~a DI ENGIZ EN~a ERIN GAL~a GIBIL GIR3@g~b KID~a ME~a NI~a PA~a RU SU~a SZAB~a SZAGAN SZU2 UDU~a UKKIN~a ZATU644~a
2	154956	P005163	1(N01) 1(N03) 1(N14) 1(N20) 1(N25) 1(N34) 1(N38) 1(N52) 2(N01) 2(N03) 2(N14) 2(N20) 2(N42~a) 2(N57) 3(N01) 3(N05) 3(N14) 4(N05) 4(N21) 4(N57) 5(N01) 5(N05) 8(N01) 9(N01) AB~a BAR DI DUR~b ENGIZ EN~a GA~a GIR3@g~b GIR3~c KID~b KU3~a MAR~a ME~a MU NAM2 NUN~a SANGA~a SZAGAN SZE3 SZU2 UDU~a ZATU644~a ZATU753
2	154957	P005164	1(N01) 1(N03) 1(N14) 1(N20) 1(N40) 1(N42~a) 1(N52) 2(N01) 2(N03) 3(N01) 3(N14) 3(N42~a) 4(N05) 4(N21) 4(N42~a) 4(N57) 5(N01) 5(N05) 7(N01) AB~a APIN~a BA BAR ENGIZ GIBIL KID~b KU3~a MAR~a ME~a SU~a SZAGAN SZU2 UDU~a ZATU644~a ZATU753
2	154959	P005166	1(N01) 1(N03) 1(N05) 1(N14) 1(N20) 1(N38) 1(N52) 1(N57) 2(N01) 2(N14) 2(N40) 2(N42~a) 2(N52) 3(N01) 3(N05) 3(N14) 3(N20) 3(N40) 3(N42~a) 5(N01) 5(N05) 6(N01) 6(N57) 7(N01) 8(N01) AB~a APIN~a BA BAR DI ENGIZ EN~a GIBIL GIR3@g~b KID~b KU3~a ME~a SU~a SZAGAN SZU2 UDU~a ZATU753
2	154960	P005167	1(N01) 1(N03) 1(N14) 1(N20) 1(N38) 1(N42~a) 2(N01) 2(N03) 2(N05) 2(N14) 3(N01) 4(N01) 4(N05) 4(N42~a) 4(N57) 5(N01) 5(N34) 7(N01) BAR DUG~a DUR~b ENGIZ KID~b KU3~a ME~a MU SZAGAN SZITA~a1 SZU2 UDU~a ZATU753
3	153298	P325064	1(N01) 1(N08) 1(N14) 1(N24) 1(N51) 1(N52) 1(N57) 2(N01) 2(N14) 2(N39~a) 2(N57) 3(N14) 3(N39~a) 4(N01) 4(N14) 5(N57) 8(N01) DUB~a DUG~a DUG~c E2~a GA2~a1 GAR GIBIL GU7 HASZHUR HI@g~a KASZ~a MA MU NI~a RU SIG2~a2 SUHUR SU~a SZA SZU2 TUG2~b UDU~a ZATU644~a ZATU714 ZATU735~b ZATU753
3	154953	P005160	1(N01) 1(N05) 1(N08) 1(N14) 1(N20) 1(N24) 1(N25) 1(N34) 1(N39~a) 1(N42~a) 1(N51) 1(N52) 1(N57) 2(N01) 2(N03) 2(N05) 2(N14) 2(N20) 2(N42~a) 2(N57) 3(N14) 3(N42~a) 4(N01) 4(N05) 4(N14) 4(N42~a) 5(N57) 6(N01) 8(N01) DUB~a DUG~a DUG~c E2~a GA2~a1 GAR GESZTU~c5 GIBIL GU7 GUG2 HASZHUR HI@g~a KASZ~a LAGAB~a MA MU NI~a RU SIG2~a3 SUHUR SU~a SZA SZU2 UDU~a ZATU644~a ZATU714 ZATU735~b ZATU753
3	154963	P005170	1(N01) 1(N03) 1(N05) 1(N14) 1(N20) 1(N25) 1(N28~c) 1(N34) 1(N40) 1(N42~a) 1(N51) 1(N52) 2(N01) 2(N05) 2(N20) 2(N42~a) 3(N01) 3(N05) 3(N14) 3(N40) 3(N42~a) 3(N57) 4(N01) 4(N14) 4(N20) 5(N01) 5(N57) 6(N01) 8(N01) BAR DUB~a DUG~a E2~a EN~a GA2~a1 GAR GESZTU~c5 GU7 GUG2 HASZHUR HI@g~a KASZ~a LAGAB~a MA MU SIG2~b SUHUR SU~a SZA SZU2 UDU~a ZATU644~a ZATU714 ZATU753
3	154967	P005174	1(N01) 1(N25) 1(N28~c) 2(N01) 2(N03) 2(N42~a) 3(N20) 4(N14) 4(N42~a) 5(N01) 5(N05) AB~a DUG~a ENGIZ EN~a GA2~a1 GAR GESZTU~c5 GU7 HI@g~a KASZ~a KID~a MA MAR~a MU NI~a RU SZAGAN UDU~a ZATU714 ZATU735~b
3	154968	P005175	1(N01) 1(N05) 1(N14) 1(N20) 1(N24) 1(N24~a) 1(N25) 1(N28~c) 1(N39~a) 1(N42~a) 1(N51) 1(N57) 2(N01) 2(N05) 2(N14) 2(N40) 2(N42~a) 3(N01) 3(N14) 3(N21) 3(N42~a) 4(N05) 4(N42~a) 5(N01) 5(N14) 5(N57) AB~a DU8~c DUB~a DUG~a E2~a GAR GIBIL GUG2 HASZHUR HI@g~a KASZ~a LAGAB~a MA MASZ ME~a MU MUSZEN N(N57) NI~a RU SILA3~a SUHUR SU~a SZA SZA@g SZITA~a1 SZU2 UDU~a ZATU644~a ZATU714 ZATU753
3	154969	P005176	1(N01) 1(N03) 1(N05) 1(N14) 1(N25) 1(N42~a) 2(N05) 2(N14) 2(N20) 2(N40) 2(N42~a) 2(N51) 2(N52) 3(N01) 3(N14) 3(N57) 4(N01) 4(N14) 4(N20) 5(N01) 7(N01) DUG~a DUG~b DUG~c GAR GIBIL GU7 GUG2 HASZHUR HI@g~a KASZ~a MA ME~a MU NI~a RU SUHUR SU~a SZU2 UDU~a ZATU644~a ZATU714 ZATU753
3	154971	P005178	1(N01) 1(N03) 1(N05) 1(N20) 1(N24) 1(N25) 1(N28) 1(N28~c) 1(N30A~c) 1(N34) 1(N39~a) 1(N42~a) 1(N51) 1(N52) 2(N01) 2(N05) 2(N14) 2(N34) 2(N40) 2(N42~a) 3(N01) 3(N14) 3(N20) 3(N42~a) 4(N01) 4(N05) 4(N14) 4(N42~a) 5(N01) 5(N05) 6(N01) 7(N01) DUB~a DUG~a E2~a GA2~a1 GAR GESZTU~c5 GIBIL GU7 GUG2 HASZHUR HI@g~a KASZ~a LAGAB~a MA MU NI~a RU SUHUR SU~a SZA SZITA~a1 SZU2 UDU~a ZATU644~a ZATU714 ZATU735~b ZATU753
3	154994	P005202	1(N01) 1(N25) 1(N30A~c) 1(N52) 1(N57) 2(N01) 2(N05) 2(N42~a) 2(N57) 4(N01) DUB~a DUG~a DUG~c E2~a GIBIL GUG2 HI@g~a KASZ~a NI~a RU SU~a SZU2 ZATU714 ZATU753
3	155019	P005227	1(N01) 1(N05) 1(N25) 1(N27) 1(N34) 1(N52) 1(N57) 2(N01) 2(N03) 2(N42~a) 3(N01) 3(N20) 7(N01) AB~a ENGIZ GA2~a1 GESZTU~c5 GIBIL HASZHUR MA ME~a NI~a RU SUHUR SU~a SZAGAN SZU2 UDU~a ZATU644~a ZATU735~b
3	155038	P005246	1(N01) 1(N14) 2(N01) 2(N52) 3(N14) 3(N21) 3(N57) 4(N01) 4(N14) 6(N01) AB~a AMAR BAR DUG~a DUG~b EN~a GA~a GIBIL GU7 HASZHUR KASZ~c MA ME~a PA~a SUHUR SU~a SZU2 UDU~a ZATU644~a ZATU753
4	152298	P471683	BA DA~a DU GA~b GISZ3~b GUN3~b IR~a KAR2~a MA MUSZ MUSZEN NAGA~a NI2 NIN SI SZA SZU TUN3~a U2~b UDU~a UR5~b ZATU621~a ZI~a
4	152302	P000526	1(N01) DA~a GA~b GUN3~b MA MUSZEN N SZU TUN3~a UDU~a ZATU621~a
4	152304	P000577	1(N01) BA DU IR~a KAR2~a MUSZ MUSZEN N NAGA~a NI2 SZA U2~b UR5~b ZI~a
4	152564	P000311	1(N01) BA ERIM2 IM~a IR~a MUSZEN N NAGA~a NIMGIR SIG7 U2~b ZATU647
4	152569	P000534	1(N01) 1(N57)@t ABZU AN ASAR BAHAR2~b BU~a DU6~a DUR2 E2~a E2~b GI KI N NANSZE~b NE~a NINLIL NI~b NUNUZ~a1 PAD~a RU TAK4~a TIDNUM TILLA2 TUM~a U4 UNUG~a UR2 USZUR3~b1
4	152570	P000160	1(N01) 1(N57) AB~a AD~a AN ASAR BAHAR2~b BAR DU6~a DUR2 E2~a GI IM~a N NI~b NUNUZ~a1 TE TILLA2
4	152573	P000319	1(N01) AD~a AN ASAR BA DU6~a IM~a KU~a MUSZEN N NAGA~a NI~a ZATU647
4	152576	P000533	1(N01) 1(N57) AB~a ASZ2 BA BAHAR2~b BAR DUB~a DUR2 E2~a ERIM2 GA2~b GI GISZIMMAR~a2 IM~a IR~a MUSZEN N NAGA~a NA~a NI2 NIMGIR NUNUZ~a1 NUN~a PAP~a SIG7 SUSA TE TILLA2 TU~a U2~b ZATU647
5	153248	P325362	1(N01) 1(N03) 1(N05) 1(N14) 1(N18) 1(N24) 1(N24~b) 1(N30~a) 1(N30~c) 1(N39~a) 1(N40) 1(N57) 2(N01) 2(N14) 2(N34) 2(N39~a) 2(N42~a) 2(N57) 3(N01) 3(N03) 3(N14) 3(N39~a) 4(N01) 4(N39~a) 5(N01) 6(N01) ABGAL DU8~c@g DUB~a DUG~a DUG~b E2~a GUG2 HI HI@g~a KU3~a LAGAB~b PIRIG~b1 SAG SAL SZA@g SZEN~b SZEN~c@t SZE~a TI@t U4
5	153265	P325234	1(N01) 1(N14) 1(N24) 1(N25) 1(N27) 1(N28) 1(N29~a) 1(N30~a) 1(N42~a) 2(N01) 2(N39~a) 3(N01) 3(N39~a) 4(N01) 5(N01) 5(N08) 6(N01) 8(N01) AN DU6~a DU8~c DUG~a E2~b EZEN~b GAL~a GAR GU7 GUG2 GUG2~a HI@g~a KASZ~a KASZ~d KI KU3~a LAGAB~a LAGAB~b MU NE~a SILA3~a SZEN~b SZE~a SZITA@g~a SZITA~a1 SZU2 U2~a U4 URU~a1 ZATU714
5	153269	P325229	1(N01) 1(N14) 1(N24) 1(N24~b) 1(N26) 1(N28) 1(N39~a) 2(N01) 2(N14) 2(N39~a) 3(N01) 3(N39~a) 4(N01) 5(N01) A DILMUN DU DUG~a EN~a GAR GI HI@g~a KASZ~a KASZ~d MU PAP~a SZE~a SZU TAK4~a U4 ZATU651 ZATU710 ZATU714
5	153270	P330049	1(N01) 1(N03) 1(N14) 1(N24) 1(N25) 1(N39~a) 1(N40) 1(N57)@t 2(N01) 2(N14) 2(N39~a) 2(N40) 2(N42~a) 3(N01) 3(N03) 3(N39~a) 3(N40) 3(N42~a) 4(N01) 4(N39~a) 5(N01) 5(N14) AL BA BAHAR2~b BULUG3 DUG~a E2~a EN~a GAR GISZ GUG2 HI@g~a KASZ~a KASZ~d MU SZEN~c@t SZE~a U4 UKKIN~a URU~a1 ZATU639 ZATU710 ZATU714
5	153283	P325069	1(N01) 1(N14) 1(N25) 1(N27) 1(N29~a) 1(N30~c) 1(N39~a) 1(N42~a) 2(N01) 3(N01) 3(N08) 5(N01) 5(N14) 6(N01) DUG~a E2~b GAL~a GU7 HAL HI@g~a KASZ~a LAGAB~a LAGAB~b MU NAMESZDA NE~a SAL SILA3~a SZA SZE~a SZITA@g~a SZITA~a1 SZU2 U4 ZATU710 ZATU751~a
5	153666	P006381	1(N01) 1(N08) 1(N14) 1(N24) 1(N26) 1(N28) 1(N28~c) 1(N29~a) 1(N30~a) 1(N30~c) 1(N39~a) 1(N42~a) 2(N01) 2(N08) 2(N29~a) 2(N39~a) 3(N01) 3(N39~a) 4(N01) 4(N39~a) AN DAM DUB~a E2~b GAL~a GAR GUG2 HI@g~a MAR@g~a ME~a MU NUNUZ~a1 SAG SAGSZU SAL SUG5 SZA SZE~a U4
5	153668	P006384	1(N01) 1(N05) 1(N14) 1(N25) 1(N26) 1(N29~a) 1(N30~a) 1(N30~c) 1(N42~a) 2(N01) 2(N08) 2(N42~a) 3(N42~a) 5(N01) 6(N57) AB~a AN DA~a DU8~c GAR GU7 GUG2 HI@g~a MU SAG SUG5 SZA SZA@g SZE~a U4 ZATU714 ZATU726~d
5	153669	P006391	1(N01) 1(N04) 1(N14) 1(N20) 1(N24) 1(N25) 1(N27) 1(N29~a) 1(N30~a) 1(N30~c) 1(N39~a) 1(N42~a) 2(N01) 2(N05) 2(N14) 2(N42~a) 3(N01) 3(N05) 3(N42~a) 4(N01) 5(N01) 5(N03) 5(N57) 6(N01) DU8~c DU8~c@g DUG~a GAR GU7 GUG2 HI@g~a KASZ~a KU6~a LAGAB~b SAG SZA@g SZE~a TUR U4 ZATU726~d
6	151664	P004461	1(N01) 1(N24) 1(N26) 1(N28) 1(N34) 1(N39~a) 2(N01) 2(N14) 2(N39~a) 2(N45) 3(N39~a) 3(N57) 4(N01) 7(N14) E2~a EN2 SZE~a
6	153199	P283915	1(N14) 1(N24) 1(N39~a) 2(N01) 2(N14) 2(N39~a) 3(N01) 5(N01) MUD3~a NIM~b1 SANGA~a SZU TAR~a TUR3~a UR5~a
6	153210	P328735	1(N01) 1(N24) 1(N39~a) 1(N45) 2(N14) 2(N39~a) 2(N57) 3(N01) 3(N14) 3(N39~a) 4(N01) GAR SZE~a UR5~a
6	154809	P006299	1(N01) 1(N24) 2(N01) 2(N14) 2(N39~a) 3(N14) BA E2~b SZE~a SZU TAR~a UR5~a
6	154855	P274476	1(N01) 1(N14) 1(N24) 1(N39~a) 1(N45) 2(N14) 3(N01) 3(N39~a) 4(N01) 5(N14) EN~a EZEM~a GU7 HI@g N PAP~a SI SZE~a SZU ZI~a
6	154916	P005123	1(N24) 2(N14) 2(N39~a) 3(N14) 4(N01) BA GI
7	152711	P000669	1(N01) AN BA DISZ DUB KI MUD3~c PAP~a SZE~b TE TI U4 ZI~a
7	155795	P001253	1(N01) 6(N02) 7(N01) DISZ DUB GU4 NUN~a TE URU~a1 UR~a USZ~a
7	155834	P001292	1(N01) 1(N02) 4(N01) BA DISZ DUB GU4 NESAG2~a TE ZATU651
7	155885	P001345	1(N01) 1(N14) DA~a DISZ DUB GU4 MUSZ3~a NUN~a TE
7	155905	P001365	1(N01) 6(N02) 7(N01) 8(N01) BA DUB~b ERIN GU4 NUN~a TE TUR USZ~a
7	156044	P001514	1(N01) 3(N01) 3(N02) BA DISZ DUB GU4 NUN~a TE U4
8	153131	P006268	1(N01) 1(N14) 1(N34) 1(N57) 1(N58) 2(N01) 2(N14) 2(N57) 3(N01) 3(N14) 3(N57) 4(N01) 4(N14) 5(N01) 5(N57) 6(N01) 6(N57) 7(N01) 9(N01) A AB~a AD~a AL AMAR AN BAD~a BAHAR2~a BARA3 BU~a DAR~a DAR~b DA~a DIM~a DU DU6~a DUR2 E2~a EN~a EZEN~b EZINU~a GA2~a1 GAL~a GESZTU~b GI GIR3@g~c GIR3~c GIR~a GISZ GU GU4 GUL HAL HI IN~b KASZ~c KI KID~e KUR~a MAH~b MASZ ME~a MUN~a1 MUSZ3~a MUSZEN NAM2 NA~a NE~a NIN NI~a NU NU11@t NUNUZ~c NUN~a PAP~a PA~a SAG SAL SI SIG7 SUKUD@g~d SU~a SZA3~a1 SZE~a SZITA@g~a SZU SZU2 SZU2~a SZUBUR SZUR2~b TAK4~a TAR TE TI TUN3~a TUR TUR3~a U2~b U4 U8 UDU~a UR~a ZATU659 ZATU773~a ZI~a
8	154539	P005573	1(N01) 1(N14) 1(N34) 1(N57) 2(N01) 2(N14) 2(N57) 3(N01) 3(N14) 3(N57) 4(N01) 6(N01) 7(N01) 8(N01) 9(N01) A AL AMA~a AN BARA2~a BARA3 BU~a DARA3~c DA~a DIM~a DIN DU DU6~a E2~a EN~a ERIM~a ESZDA EZINU~a GA2~a1 GI GI6 GIR3@g~b GIR3~c GISZ GU GUL HI KAL~b2 KAR2 KASZ~c KI KISZIK~a KITI KU6~a LA2 LAL2~a LAM~b MA ME~a MUD MUN~a1 MUSZEN NA~a NIMGIR NIM~b1 NIM~b2 NI~a NUNUZ~a0 PAP~a PIRIG~b1 RAD~a SAL SI SUM~b SU~a SZU SZU2 SZU2~a SZUBUR TAK4~a TA~c TE TUR TUR3~a TU~a U2~b U4 U8 UB UDU~a URI3~a UR~a ZATU735~a ZATU773~a ZATU819
8	154561	P006048	1(N01) 1(N02) 1(N04) 1(N14) 1(N57) 2(N01) 2(N14) 2(N57) 3(N01) 3(N14) 3(N57) 5(N01) 5(N02) 6(N01) 6(N02) 7(N01) 9(N01) A AB~a AN APIN~b BA BAN~b BU3 BU~a DU DU7 DUR2 E2~a EN~a GA2~a1 GI GI4~a GISZ GISZ3~b GU KALAM~a KASKAL KASZ~c KU3~a KU6~a MAH~a ME~a MU MUN~a1 MUSZEN NA~a NIMGIR NU NUNUZ~c NUN~a PAP~a PA~a RAD~a RU SAG SI SIG SILA3~a SZA3~a1 SZAGAN SZU SZU2 SZU2~a SZUBUR TAK4~a TE TUG2~a TUR U2~b U8 UR~a ZATU659 ZATU686~b ZATU697~c ZATU773~a
8	154567	P006054	1(N01) 1(N02) 1(N14) 1(N34) 2(N01) 2(N14) 3(N01) 3(N57) 4(N01) 5(N01) 6(N01) 7(N01) 8(N01) 9(N01) A AB2 AB~a AMAR AN BA BAHAR2~b BAR BU~a DARA3~c DI DIM~a DIN DU DUG~a E2~b EN2 EN~a ERIM~a GAN2 GA~a GI GI4~a GIR3~c GISZ3~a HAL HI IDIGNA IM~a KAL~b2 KASKAL KASZ~c KA~a KI KU6~a KU~b1 MASZ MES ME~a MU MUN~a1 NAR NIMGIR NU PAP~a PA~a PIRIG~b1 RAD~a RU SAG SAL SANGA~a SI SZA SZA3~a1 SZAGAN SZE~a SZIDIM SZU SZUBUR SZUR2~b TAK4~a TAR TE TI@t TUR3~a U4 U8 UDU~a UR URI3~a URU~a1 UR~a USZ~a ZATU628~a ZATU659 ZATU686~b ZATU703 ZATU795 ZATU826
8	154569	P006056	1(N01) 1(N02) 1(N14) 1(N34) 1(N57) 2(N01) 2(N14) 3(N01) 3(N14) 3(N57) 4(N01) 5(N01) 5(N57) 6(N01) 7(N01) 8(N01) 9(N01) AB2 AB~a ALAN~c AN BA BAHAR2~b BAR BU~a DA~a DIM~a DIN DU@g DUB~a E2~a E2~b EN~a GAL~a GI4~a GIR3~c GISZ GISZIMMAR~b1 GU4 GURUSZ~a HI HI@g~a HI@g~b IB~a KI KISAL~b1 KITI KU6~a KUR~a LA2 MUSZ3~a MUSZEN NA~a NE~a NIMGIR NIM~b1 NUNUZ~a1@t NUNUZ~c PAP~a RAD~a RAD~a@g RU SAL SANGA~a SI SIG2~b SUKKAL SU~a SZA3~a1 SZE3 SZU SZU2 SZU2~a SZUBUR SZUR2~b TA~c TE TI TUR TUR3~a UNUG~a UR~a USZ~a ZATU628~a ZATU647 ZATU687 ZATU751~a ZATU825
8	154649	P006140	1(N01) 1(N02) 1(N14) 1(N22) 1(N50) 2(N01) 2(N14) 2(N22) 2(N45) 2(N50) 2(N57) 3(N01) 3(N14) 3(N34) 3(N57) 4(N01) 4(N14) 5(N01) 5(N14) 6(N14) 7(N01) 7(N14) 8(N01) A ADAB AN BAR BU~a DANNA DARA4~c2 DAR~b DIM~a DIN DU E2~a E2~b EN~a ERIM~a ERIN E~b GAN2 GA~a GI GIR3~c GU HI IM~a IN~b ISZ~b KAL~b2 KASZ~c KU3~a KU6~a KU~b1 LA2 LAGAB~b MA MASZ MUSZEN NAM2 NAR NA~a NIMGIR NIM~b1 NI~a NUNUZ~a1 NUN~a PAP~a PA~a PIRIG~b1 RAD~a RU SAG SAL SANGA~a SIG7 SIG@g SUG5 SZA3~a1 SZE~a SZU SZU2 SZUBUR TAR~a TE TI U2~a U2~b UDU~a URI3~a UR~a ZATU659 ZATU697~c
9	153292	P325346	1(N14) 1(N34) 1(N45) 2(N01) 4(N01) 4(N14) 5(N01) 5(N34) 6(N01) 8(N01) A ASAR BA BAHAR2~b DUG~a EN~a GAN~c GUG2 KAL~b2 KASZ~b KU6~a SILA3~a SZEN~b SZEN~c@t SZITA~a1 SZITA~b3 SZU SZU2 TUR ZATU710 ZATU714
9	153867	P002464	1(N01) 1(N04) 1(N14) 1(N34) 2(N01) 2(N34) 3(N14) 4(N01) 4(N14) 5(N01) 5(N14) 6(N01) 8(N01) BA DU8~c@g GAL~a GAR KU6~a SILA3~a SZA@g SZITA@g~a SZITA~a1 SZU TUR
9	156239	P001760	1(N01) 1(N14) 1(N34) 1(N57) 1(N58) 2(N01) 2(N14) 3(N01) 3(N14) 4(N01) 4(N14) 5(N01) 6(N01) 8(N01) BA BAD~a DU EN~a GAR GA~a KAR2~a KISAL~b1 NUN~b PA~a SANGA~a SILA3~a SZA@g SZITA@g~a SZITA~b1 SZU UB UKKIN~a ZATU647 ZATU659 ZATU780
9	156839	P004198	1(N01) 1(N14) 1(N34) 1(N39~a) 1(N48) 2(N01) 2(N48) 3(N14) 4(N01) 4(N14) 4(N34) 5(N01) 7(N01) 8(N01) AK~a DU8~c@g GAR GUG2 KU6~a NI~a SILA3~a SUHUR SZITA~b1 TA~c UDU~a ZATU659
9	156940	P003800	1(N01) 1(N48) 3(N01) 4(N34) 5(N01) 7(N01) 8(N01) MA NI~a SILA3~a SZITA~b1 UDU~a
9	157249	P003798	1(N01) 1(N02) 1(N14) 1(N34) 2(N01) 2(N14) 4(N01) 5(N01) 5(N14) 6(N01) 7(N01) 8(N01) GAR GU4 GUG2 HASZHUR HI@g~a KUR~a MA NE~a NIM~a NI~a SILA3~a SUHUR SZIR~a TA~a UDU~a ZATU659 ZATU686~a
10	150918	P000743	1(N14) 1(N24) 1(N28) 1(N40) 1(N57) 2(N39~a) 4(N39~a) 8(N01) 9(N01) BA HI HI@g~a KU3~a MU SZITA~a1 SZITA~b1 UDU~a ZATU714
10	150920	P000759	1(N14) 1(N24) 1(N25) 1(N28) 1(N28~c) 1(N34) 1(N57) 2(N14) 2(N39~a) 4(N42~a) 9(N01) AN BA GESZTU~b HI@g~a KAB KU3~a MUSZ3~a NAM2 NUN~a SZITA~b1 TA~c U4 UDU~a
10	150924	P000783	1(N01) 1(N14) 1(N24) 1(N28) 1(N34) 2(N14) 2(N34) 2(N39~a) 3(N39~a) 4(N14) 4(N39~a) 8(N01) AB2 AN BA GESZTU~b HI HI@g~a IDIGNA KU3~a MEN~a SZA SZITA~a1 U8
10	150927	P000985	1(N14) 1(N39~a) 1(N57) 1(N58@t) 8(N01) AMA~a BA GESZTU~b HI@g~a KU3~a PAP~a SZA SZE~a SZITA~a1 SZITA~b1 UDU~a
10	155456	P000742	1(N01) 1(N28) 1(N57) 2(N01) 2(N14) 3(N39~a) 5(N34) 8(N01) BA EN~a GESZTU~b HI@g~a KU3~a MU SAG SZA SZE~a SZITA~a1 SZITA~b1 UDU~a ZATU714
11	151060	P001873	SILA3~a
11	151106	P001961	SILA3~a
11	151107	P001962	SILA3~a
11	153890	P002503	1(N01) SILA3~a SZA@g SZE~a@t
11	156296	P001965	SILA3~a SZE~a@t
12	151569	P003724	1(N01) 1(N08) 1(N14) 2(N01) E2~a EN~a GAN~a GARA2~a IB~a KISIM~a KU~b1 LA2 SANGA~a SUG5 SZAKIR~c ZATU752 ZATU753
12	151606	P003812	1(N01) 1(N14) 2(N01) 3(N01) 3(N57) 4(N01) 7(N01) GARA2~a IB~a KISIM~b KU3~a KU~b1 LA2 NI~b PAD~a PAP~a SANGA~a SUG5 SZAKIR~c U4 ZATU648 ZATU752
12	154032	P003502	1(N01) 1(N14) 2(N01) 3(N57) 4(N01) 7(N01) E2~a EN~a GAN~a GA~b GISZ@t IB~a KISIM~a KU~b1 LA2 NI~b PAD~a SANGA~a SUG5 SZA SZAKIR~c U4 ZATU648 ZATU752 ZATU753
12	154033	P003551	1(N01) 1(N14) 2(N01) 2(N57) 4(N01) AN BA DU DUG~c EN~a GARA2~a GA~a KU3~a KU~b1 NAGA~a NIR~a NI~a PAD~a PAP~a SUG5 SZAKIR~c TUR3~a U4 ZABALAM~a ZATU752
12	155257	P005473	1(N01) 1(N02) 1(N14) 2(N57) 7(N01) GA~a GI IB~a KU3~a LA2 PAD~a PAP~a SANGA~a SUG5 SZAKIR~c U4 ZATU752 ZATU753
13	154862	P005068	1(N01) 1(N14) 1(N22) 1(N45) 1(N50) 2(N01) 2(N14) 2(N22) 2(N50) 3(N01) 3(N45) 3(N50) 4(N01) 4(N14) 4(N50) 5(N01) 5(N14) 5(N45) 5(N50) 7(N14) 8(N14) A AB~a APIN~a BA BU~a DI EN~c GAL~a GAN2 GIR3@g~b GURUSZ~a KI LAGAB~b ME~a NAM2 NI~a PA~a RU SAL SZAB~a SZE~a U4 n
13	154863	P005069	1(N14) 1(N22) 1(N34) 1(N45) 1(N50) 1(N57) 1(N58) 2(N01) 2(N08) 2(N14) 2(N22) 2(N45) 3(N01) 3(N14) 3(N45) 3(N50) 4(N01) 4(N14) 4(N34) 5(N01) 5(N14) 5(N34) 5(N50) 6(N14) 7(N08) 7(N14) 8(N14) AB~a BAR BU~a DI EN~a EN~c GAL~a GAN2 GIR3@g~b GISZ IL KI ME~a NAM2 NI~a PA~a RU SAL SZAB~a
13	154864	P005070	1(N22) 1(N34) 1(N45) 1(N50) 1(N57) 1(N58) 2(N01) 2(N14) 2(N22) 2(N50) 3(N14) 4(N08) 4(N14) 4(N50) 5(N14) 6(N01) 9(N14) BAR BU~a DI EN~a EN~c GAL~a GAN2 GIR3@g~b GISZ KI LAGAB~b ME~a NAM2 PA~a SAL SZAB~a SZAGAN
13	154865	P005071	1(N01) 1(N08) 1(N22) 1(N45) 1(N57) 1(N58) 2(N01) 2(N14) 3(N14) 3(N50) 4(N01) 4(N08) 4(N14) 5(N01) 5(N14) 5(N34) 6(N14) 7(N01) 7(N08) 7(N14) BAR BU~a DI EN~a GAL~a GAN2 GIR3@g~b GISZ GU4@g HI IL KI LAGAB~a NAM2 NUN~a PA~a SZAB~a
13	154866	P005072	1(N57) 1(N58) 3(N01) 3(N14) 3(N45) 4(N34) 4(N50) 5(N14) 5(N34) 6(N45) 9(N45) AB~a BAR BU~a DI EN~a EN~c GAL~a GAN2 GIR3@g~b GISZ HI IL KI LAGAB~a ME~a NAM2 NI~a PA~a RU SAL SZAB~a
14	155160	P005371	1(N01) 1(N34) 1(N39~a) 1(N45) 1(N57) 1(N58) 2(N01) 2(N14) 2(N34) 2(N39~a) 2(N45) 3(N14) 4(N01) 5(N14) 7(N34) 8(N14) 9(N14) AB~a BA BAD~a EN~a EN~c GAL~a GIBIL KINGAL KUR~a KU~b1 LAGAB~b NIR~a NI~a SAL SA~c SI4~f SUKKAL SZAM2 SZE~a SZIM~a TE U4 ZATU651
14	155161	P005372	1(N01) 1(N39~a) 1(N45) 2(N14) 2(N34) 2(N45) 3(N01) 3(N14) 3(N39~a) 5(N14) 6(N14) 6(N34) 7(N14) BARA3 EN~c GAL~a KINGAL KUR~a KU~b1 NAM2 NIR~a NI~a SAL SA~c SI4~f SUKKAL SZE~a SZIM~a TE URU~a1 ZAG~a
14	155162	P005373	1(N01) 1(N14) 1(N34) 1(N39~a) 1(N45) 2(N14) 2(N45) 7(N14) AB~a BA DA~a EN~a GAL~a GIBIL KU~b1 NI~a SA~c SI SI4~f SZE~a SZIM~a TE TUN3~a ZATU651
14	155163	P005374	1(N01) 1(N34) 2(N45) 3(N14) 3(N34) 4(N14) 5(N01) 5(N14) 7(N14) 8(N14) E2~b EN~c GAL~a KINGAL KU~b2 NI~a SAL SA~c SI4~f SZE~a SZIM~a TE ZAG~a
14	155164	P005375	1(N01) 1(N34) 1(N45) 2(N14) 2(N45) 3(N14) 3(N34) 4(N14) 7(N14) 8(N14) BA BARA3 EN~c GAL~a KINGAL KU~b2 NI~a SAL SA~c SI4~f SZE~a SZIM~a TE ZAG~a
15	155844	P001302	1(N07~a) 1(N08) BA GAL~a GI RU ZATU714
15	155846	P001304	1(N07~a) 1(N08) A BA EN~a ERIN
15	155877	P001337	1(N07~a) 1(N08) APIN~a BA EN~a NAM2 SZU2
15	155925	P001385	1(N07~a) 1(N08) BA EZINU~d SIMUG
15	155933	P001394	1(N07~a) 1(N08) A BA GAL~a KISAL~b1 SZUBUR
16	156284	P001919	1(N01) 2(N01) 3(N01) 4(N01) 5(N01) AN BAR DU EN~a KU3~a KU6~a LAGAB~a MAR~b NAGAR~a NE~a RU SZELU SZESZ~a SZU SZUBUR SZUM TAG~a1 TUN3~a U2~b U4 UNUG~a
16	156285	P001920	1(N01) 1(N14) 2(N01) 3(N01) 4(N01) 8(N01) AN BAR DIM~c HI@g~b IB~a KU3~a MAR~b NAGAR~a NE~a SZELU SZIDIM SZU SZUM TAG~a1 TAG~a1@t TAR TUN3~a TUR U4 UDU~a UR2 ZATU695
16	156287	P001922	1(N01) 2(N01) 3(N01) 7(N01) AN ESZDA ILDUM~a KU3~a NAGAR~a NE~a RU SZAB~a SZELU TAG~a1 TUN3~a U4
16	156288	P001931	1(N01) 1(N14) 2(N01) 2(N14) 3(N01) 3(N14) 4(N01) 5(N01) 6(N01) 8(N01) 9(N01) AN BA DIM~c GISZ@t IB~a KU3~a KU6~a MAR~b ME~a NAGAR~a NE~a SZELU SZIDIM SZITA~a1 SZU SZUM TAG~a1 TAR TUN3~a TUR U4 UDU~a UR2 ZATU695
16	156302	P001993	1(N01) 1(N58) 2(N01) 3(N01) 5(N01) AN ANSZE~e BAD~a DU E2~b GAL~a GISZ@t GUM~b IB~a KAB KU3~a MAR~b NAGAR~a NAM2 NE~a RU SZELU SZITA~a1 SZU TAG~a1 TUN3~a U4 ZATU695
17	150913	P000734	1(N01) 1(N24) 1(N26) 1(N30~a) 1(N39~a) 2(N01) 2(N58) 4(N01) 4(N39~a) 5(N01) DU6~b DU8~c DUG~a GAL~a LAGAB~a NUN~a SANGA~a SZITA~a1 U4 ZATU681 ZATU726~c
17	150914	P000735	1(N01) 1(N14) 1(N24) 1(N26) 1(N28) 1(N30~c) 1(N39~a) 2(N01) 2(N39~a) 2(N58) 3(N01) 4(N01) 5(N01) 6(N01) AN DU6~b EN~a HI@g~a KAB LAGAB~a MUSZ3~a NAM2 NUN~a SIG SIG2~a2 SZE~a SZIM~a SZITA~a1 U4 ZATU681 ZATU726~c
17	151364	P002591	1(N01) 1(N14) 1(N24) 1(N26) 1(N39~a) 2(N01) 2(N05) 2(N42~a) DU6~b DUG~a RAD~a SIG2~a4 ZATU681 ZATU726~d
17	157191	P002606	1(N01) 1(N14) 1(N24) 1(N26) 1(N28) 1(N29~a) 1(N39~a) 2(N01) 2(N39~a) 2(N58) 3(N39~a) 5(N01) DU6~b EN~a HI@g~a ME~a NINDA2 NIR~b SIG2~a4 SZE~a SZU ZATU681 ZATU726~d
18	151029	P001812	KISZ
18	152601	P000034	KISZ
18	153406	P411544	KISZ PAP@t
18	154493	P004627	KISZ
19	152008	P004951	UMUN2
19	154358	P004275	UMUN2
19	154377	P004301	UMUN2
19	156605	P004308	DIN UMUN2
20	152310	P471694	1N6 3(N57) 3N57 A AB~a AD~a AD~b AL ALIM~a AN ANSZE~b APIN~b BA BAD BALA~a BANSZURc BANSZUR~b1 BU~a DARA3~c DA~a DIN DIN~a DU DUB~b DUR2 E2~b EN~a ERIM~a GAL~a GESZTIN~a GESZTU~a GI GI6 GISZ GISZIMMAR~a2 GUB3~b GUL GUM@n~b GUM~b GURUSZ~a HASZHUR HI IN~b KAK~a KA~a KI KIN KIN2~c KISZIK~a KU3~a KU6~a KUR~a LAGAB~a LAM LAM~a LI LISZ LUM MA MES~a MUSZEN NAGAR~a NAGA~a NAM2 NINDA2 NU11 NUNUZ~b1 NUN~a PU2 RU SAG SI SIG SU~a SZA SZE3 SZE~a SZU TAG~a1 TAG~b TUM~a U2~b U4 UR4~b URUDU~a ZATU633~a ZATU786 ten√ª
20	152314	P000455	1(N01) 1(N34) 3(N14) A AB~a ANSZE~b BU~a DIN DUB~b E2~b ERIM~a GAL~a GESZTIN~a GESZTU~a GI GI6 GISZ GISZIMMAR~a2 GUL HASZHUR HI IN~b KIN2~c KISZIK~a LI LUM MA MES NAGA~a NAMESZDA NU11 NUN~a RU SI SZA SZE~a SZU U2~b U4 ZATU633~b ZATU648
20	152315	P000431	1(N01) 1(N34) 3(N57) 8(N01) A AD~a AL ALIM ANSZE~b APIN~b BA BAD BANSZUR~b1 BU~a DIN DUB~b DUR2 E2~a ERIM~a GAL~a GESZTIN~a GESZTU~a GI GI6 GISZ GISZ@t GISZIMMAR~a2 GUL HASZHUR HI IN~b KAK~a KI KIN2~c KISZIK~a KU6~a KUR@g~a LAM~a LI LISZ LUM MA MASZ MES MUSZEN NAGA~a NAM2 NU11 NUN~a PU2 RU SI SIG SU~a SZA SZE3 SZE~a SZU TAG~b U2~b U4 UR4~b URUDU~a ZATU633~a
20	152338	P000614	1(N01) 1(N34) 3(N01) 5(N57) A AB~a AL BU~a DIN DUB~b EN~a ERIM~a GAL~a GI GI6 GISZ GUM~b HASZHUR KIN2~c KISZIK~a KUR@g~a KUR~a MA MES NUN~a SANGA~a SUHUR SZA SZE3 SZE~a SZU U2~b U4 URUDU@g~c
21	155207	P005423	1(N01) 2(N01) 3(N01) 3(N14) 4(N57) A AB2 BAR BUR~a GI KITI KU3~a KU~b1 MASZ MASZ2 ME~a NI~a PAP~a PA~a SAG SI SIG2~b SZA3~a1 SZEN~a SZU2 TUG2~a TUN3~a URI
21	155209	P005425	1(N01) 2(N01) A BUR~a GADA~a KITI KU~b1 ME~a NAGA~a PA~a SAG SIG2~b SZEN~a URI
21	155210	P005426	1(N01) 2(N01) 3(N01) A BUR~a EN~a GADA~a GISZIMMAR~b1 KITI KU6~a KU~b1 ME~a MU MUD3~a NAGA~a NI~a PA~a RAD~a SAG SI SIG2~b SZEN~e SZIR~a SZITA~a3 SZU SZU2 TUN3~a UR2 ZATU750 ZATU777 ZATU787
21	155211	P005427	1(N01) 1(N57) 2(N01) 3(N01) 3(N14) 5(N57) AB2 AMA~a BAR BUR~a BU~a EN~a GADA~a GAL~a GAN~c GISZIMMAR~b1 GURUSZDA HASZHUR KITI KU6~a KU~b1 ME~a NI~b PAP~a PA~a RAD~a RU SAG SAL SIG2~b SILA3~b SZITA~a1 SZU TE TUG2~a TUN3~a U4 UKKIN~a UR2 URI ZATU714 ZATU750
22	155830	P001288	1(N14) EN@g~a KAB UDUNITA~a UNUG~a
22	155876	P001336	1(N14) AB2 KAB UDUNITA~a
22	155924	P001384	1(N14) GA~a KAB UDUNITA~a
22	156158	P001645	1(N14) PA~a UDUNITA~a
23	155941	P001402	1(N14) 2(N01) 4(N01) 5(N01) A AN BU~a ERIM~a GUM~a MASZ NIMGIR PA~b UDUNITA~a URU~a1
23	156059	P001531	1(N14) 2(N01) 5(N01) 7(N01) 9(N01) GURUSZDA MASZ MUSZ3~a NUN~b UDUNITA~a UNUG~a USZ~a ZATU693 ZATU753
23	156072	P001552	2(N01) 5(N01) BU~a GURUSZDA MAR~a MASZ MUSZ3~a NUN~a NUN~b UDUNITA~a ZATU753
23	156085	P001565	1(N14) 2(N01) 3(N01) 5(N01) A BU~a ERIM~a MASZ NUN~b RU SI4~a UDUNITA~a
24	151115	P001978	GESZTU~b
24	151139	P002025	GESZTU~b
24	153866	P002466	GESZTU~b
25	151170	P002174	SUKKAL
25	155273	P002217	ZATU758
25	157201	P003035	SUKKAL ZATU758
26	151237	P002150	2(N02)
26	156831	P004247	2(N02) ZATU750
26	157092	P004238	2(N02)
27	151306	P002359	1(N08) DU EN2 EN~a GISZIMMAR~b1 IM~a KAB KAR2~a ME~a MUN~a2 NAM2 NUN~a SAG U4
27	151910	P004847	1(N01) 1(N08) 3(N08) 7(N08) DU EN~a GI GISZIMMAR~b1 KAR2~a KASKAL KI NUN~a SAG SI TAG~c U4 UNUG~a
27	154353	P004270	1(N08) 2(N57) 3(N08) DU EN~a KAR2~a KASKAL NUN~a SU~a U4 URI5
28	151340	P002511	1(N01) 1(N57) GA'AR~b2 U2~a U4 UR2 ZAG~c
28	151345	P002524	1(N01) 1(N57) AN E2~a GISZ GISZ@t GU7 NAR SIG SZIDIM SZU2~b U2~a UR2 UR4~a ZI~a
28	156380	P002539	1(N01) 1(N57) 2(N08) E2~a HAL LAGAB~b NAR SIG SZIM~a U2~a U4 UR2 UR4~a ZAG~c
29	151560	P003714	1(N57) 2(N57) 3(N01) AB2 BA DUG~c EN~a GA~a KI ME~a MIR~a SI U4 ZATU753
29	151609	P003817	1(N01) 2(N01) BA BU3 DUG~c E2~a EN~a GAN~b GA~a GI GU7 ME~a NA2~a SI U4 ZATU649 ZATU753
29	155255	P005471	1(N57) 2(N01) AN DUG~c GA~a GI GU7 KALAM~b KASZ~c NU11 SI ZATU649 ZATU751~a ZATU753
30	151941	P004880	1(N01) 1(N04) 1(N14) 1(N57) 1(N58) 2(N01) 2(N57) 3(N01) 3(N57) 4(N01) 5(N01) 8(N01) A AB2 AB~a AB~b AL AMA~a AN ARARMA2~b BA BAD~a BAN~a BIR3~a BU~a DU E2~a EN~a ERIM~a EZEN~b GA~a GI6 GIBIL GISZ3~b GUL HI IB~a IR~a KAB KALAM~a KASKAL KASZ~c KI KISAL~b1 KU6~a MASZ ME~a MUSZ3~a MUSZEN NA2~a NAM2 NA~a NINDA2 NUNUZ~c NUN~a PAP~a SAL SANGA~a SAR~a SI SIG SIG2~b SIG7 SUG5 SZA SZA3~a2 SZENNUR~b SZEN~b SZESZ~a SZE~a SZU SZU2 SZUBUR TAK4~a TAR TAR~a TE TI TUG2~a@g U2~b U4 UD5~a UDU~a UKKIN~a UNUG~a URI3~a ZATU651 ZATU651@g ZATU679 ZATU749~a ZATU753 ZI~a
30	154198	P003655	1(N01) 1(N04) 1(N08) 1(N34) 1(N57) 1(N57)@t 2(N01) 3(N01) 3(N14) 3(N57) 4(N01) 6(N01) 9(N01) A AB~a AB~b AL AMA~a AN BA BAD3~b2 DA~a DI DU DUG~a DUG~b E2~a EN~a ERIM~a EZEN~b GA2~a2 GAL~a GAN~c GARA2~a GA~a GI GIBIL GISZ GU GU4 GU7 HAL HI IB~a KI KISAL~b1 LA2 MAR~a MEN~a ME~a MUSZ3~a NA2~a NAGAR~b NAMESZDA NE~a NIN NI~a NUNUZ~a1 NUN~a PAD~a PAP~a PIRIG~b1 SAL SANGA~a SILA3~a SUG5 SUKKAL SU~a SZA SZE~a SZIM~a SZITA~a1 SZU TAK4~a U2~a U4 URI3~a ZATU647 ZATU651 ZATU686~a ZATU751~a ZATU753
30	155424	P003808	1(N01) 1(N04) 1(N14) 1(N34) 1(N57) 2(N01) 3(N01) 3(N57) 4(N01) 5(N14) 6(N01) 8(N01) AB2 AB~a AB~a@g AB~b ADAB AL ALAN~b AMA~a AN ARARMA2~a BA BAD BAR BU~a DILMUN DIM~a DU DUG~a DUG~c E2~a EN~a EZEN~b GA2~a1 GAL~a GAN~c GARA2~a GA~a GESZTU~a GESZTU~b GI GIBIL GU GUL HI IB~a KAB KAR2~a KASZ~b KA~a KI KU3~a KU6~a KUR~a LA2 MEN~a MIR~b MUD MUSZ3~a MUSZEN NA2~a NAMESZDA NA~a NUNUZ~c NUN~a PAD~a PAP~a PA~a SAG SAL SANGA~a SI SIG2~b SIG7 SILA3~a SUG5 SUKKAL SZA SZAKIR~c SZE3 SZEN~a SZE~a SZITA~a1 SZU SZUBUR SZUR2~a TAK4~a TAR TUR U4 UB UDU~a UMUN2 UNUG~a URI5 UTUL~a ZATU651 ZATU651@g ZATU659 ZATU686~a ZATU686~b ZATU687 ZATU752 ZATU753 ZI~a
31	152581	P491489	1(N34) 1(N58) 2(N34) 3(N34) GISZ GURUSZ~a IN~b KAD4~a LA2 LA2~a NUN~a SAR~a SU~a SZA SZE3 SZU UDU~c ZATU681
31	152582	P000181	1(N01) 1(N34) 1(N58) 2(N34) 3(N34) GA2~a1 GISZ GU4 GURUSZ~a LA2 MASZ SAR~a SU~a SZU
31	152583	P000664	1(N01) 1(N58) 2(N34) GISZ IN~b KAD4~a LA2 NUN~a SAR~a SU~a SZA SZE3 SZU UDU~c ZATU681
32	153274	P006376	1(N01) 1(N04) 1(N19) 1(N22) 2(N01) 3(N01) 5(N57) 6(N01) A AL AN BA BAR DAR~b DU DUB~a EN~a GA2~a1 GAL~a GISZ3~a GUG2 KASZ~a KISAL~b1 KU3~a ME~a NU11 NUMUN PAP~a SANGA~a SI SIG2~a SZA3~a1 SZE~a SZU TUR3~a UR2
32	153278	P325192	1(N01) 1(N14) 1(N22) 2(N01) 5(N57) A AL AN BAR DAR~b DU DUB~a EN~a GA2~a1 GISZ3~a GUG2 HAL KASZ~a KU3~a ME~a NU11 PAP~a PA~a SANGA~a SZA3~a1 SZU TUR3~a UR2 ZATU776
32	153376	P411613	1(N01) 2(N01) 2(N57) 5(N57) A AL BA DU DUB~a EN~a GA2~a1 GISZ3~a HAL KU3~a ME~a MUSZEN PAP~a PA~a SANGA~a SZA3~a1 SZE~a SZU TUR3~a U4 UR2
33	153299	P325162	3(N57) 5(N47) BU~a DUG~a E2~a EN~a KI KISAL~b1 KU6~a LAGAB~b ME~a MUSZEN NAM2 NE~a PAP~a RU SANGA~a SI SZU TE U4
33	153303	P325351	1(N57) 2(N01) 2(N14) 3(N01) 3(N57) 6(N01) BA BU~a DU E2~a EN~a KISAL~b1 KU6~a ME~a MUSZEN PAP~a RU SI SZURUPPAK~b TE
33	153589	P006402	3(N57) ASAR AZ BA BU~a DAR~b DU DUG~a E2~a EN~a KU6~a LA2 MUSZEN NAM2 NE~a PAP~a RAD~a RU SAL SIG7 SUG5 TE
34	153304	P325486	1(N01) 1(N14) 1(N39~a) 2(N01) 3(N01) 9(N14) BA DU E2~a EN~a SZU
34	155042	P005250	1(N01) 1(N14) 2(N01) 3(N01) 8(N01) BA E2~a GAN2 SZU TI UDU~a ZATU750
34	155147	P005358	1(N14) 1(N39~a) 2(N01) 3(N14) 4(N01) 4(N14) BA DU E2~a SI4~d SI4~f SZE~a
35	153569	P387541	1(N57) 1(N57@t) 2(N01) BU3 E2~a
35	153571	P387571	1(N57@t) 2(N01) BU~a E2~a KI KISZIK
35	153572	P387540	1(N57@t) 2(N01) E2~a GAR MUSZEN TUR
36	153591	P006408	1(N01) 2(N01) 3(N01) 4(N57) A AL AN BA RU SAG@n
36	154708	P006202	1(N01) 1(N57) 2(N01) 3(N01) 9(N01) AN BA DA~a MAR~a RU
36	157101	P004255	1(N57) 2(N01) 9(N01) RU ZATU697~a
37	153649	P464161	1(N01) 2(N01) 2(N14) 3(N14) 5(N14) BU~a EN~a E~b GI KISAL~b1 MUSZ3~a NAM2 NIR~a PAP@t PAP~a SAL SANGA~a SI SUG5 SZEG9 SZURUPPAK~a TE UDU~a
37	153720	P464185	1(N01) 1(N14) 2(N14) 3(N01) 3(N14) 5(N01) A EN~a GIBIL KU~b1 MUSZ3~a NAR PAP@t PAP~a SI SUG5 SZEG9 SZE~a SZURUPPAK~a U4
37	153860	P002387	1(N01) 1(N14) 2(N01) 2(N14) 3(N14) 4(N01) ALAN~a BU~a DA~a EN~a ERIN GAN2 KISAL~b1 ME~a MUSZ3~a SANGA~a SA~c SI SZITA~a1 TE UDU~a URI ZATU647
38	153950	P002809	1(N36) 2(N19) 2(N45) 3(N04) 4(N19) 6(N36) EN~a SZE~a
38	153955	P002782	1(N36) 1(N45) 2(N46) 4(N14) SZE~a
38	153956	P002727	1(N36) 1(N45) 2(N45) DU EN~a SZE~a
39	154034	P003768	1(N01) 1(N04) 2(N01) A AN BU~a E2~a GA2~a2 GU4 HI IR11 KISAL~b1 ME~a MU NAR NINDA2 NUN~a SZE3 SZE~a U4 UDUNITA~a UTUL~a
39	154210	P003685	1(N01) 1(N14) A AN E2~a HI ME~a NAR NINDA2 NUN~a SZE3 UDU~a URI3~a
39	155385	P003515	1(N34) 2(N34) 3(N14) A AN BA DU E2~a ERIN GIR3~c HI ME~a NAR NINDA2 NUN~a SZE3 UDU~a
40	154460	P004521	4(N08) 6(N34)
40	154522	P004824	6(N34)
40	156890	P003150	6(N34)
41	154871	P005078	1(N01) 1(N04) 1(N36) 2(N19) 2(N46) 5(N14) 7(N14) AN EN~a GAN2 GI ME~a PA~a SUG5 SZE~a SZU ZATU633~a
41	154893	P005100	1(N01) 1(N14) 1(N45) 2(N19) 2(N46) BA KAB NAM2 SAG SANGA~a SZAM2 SZE~a SZU
41	154896	P005103	1(N01) 1(N04) 1(N14) 1(N36) 1(N45) 2(N19) 2(N46) 3(N19) AN EN~a KA~a NAM2 NAM~d PAP~a SAG SZE~a SZU
42	156629	P004663	GADA~a LAGAR~a
42	156872	P002991	GADA~a
42	157070	P004206	GADA~a
43	150874	P000014	1(N01) 1(N57) 2(N57) 3(N57) 5(N14) 8(N01) A AB2 ADAB AN BAHAR2~a BU~a DU6~a EN~a GAL~b GAN2 GARA2~a GI GI6 GIR3~a GURUSZDA HI KAB KAL~b1 KASKAL KA~a KU3~a KU6~a LAGAB~a LAM~b MAH~a ME~a MU MUSZEN NE~a NIM~a NUN~a PAP~a RAD~a@g SAGSZU SI SILA3~a SILA4~b SUHUR SZA3~a1 SZE3 SZE~a SZUBUR TE TUM~a U4 UB UH3~a URI3~a UR~a ZATU686~a ZATU758
43	152723	P471690	1(N57) 2(N57) 3(N57) A AB2 ADAB AN BAHAR2~a BU~a DU6 EN~a GAL~b GAN2 GARA2a GI GI6 GIR3~a GURUSZDA~a HI KAB KAL~b1 KASKAL KA~a KU3~a KU6a LAGAB~a LAL2~a LAM~b MAH~a MAR~a@t ME~a MU MUSZEN NE~a NIM~a NUN~a PAP~a RAD~a@g SAGSZU SI SILA3~a SILA4~b SUHUR SZA3~a1 SZE3 SZE~a SZUBUR TE TUM~a U4 UB UH3~a URI3~a UR~a ZATU686~a ZATU758
44	150987	P001708	KASZ~b
44	157147	P004487	KASZ~b
45	151150	P002043	AB~a APIN~a BA GI NA2~a
45	153987	P002674	AB~a ADAB APIN~a GI NUN~a SU~a
46	151180	P002092	1(N01) 1(N02) 3(N02) 5(N57) A APIN~a BA DA~a DIM~a EN~a GAL~a GAN~c GI6 HI NIM~a NUN~a SILA3~a SZITA~a3 SZU2 URI3~a
46	151182	P002094	1(N01) 1(N02) 2(N02) 2(N14) 5(N01) 5(N02) A APIN~a BA GAL~a LA2 LAM~b NIM~a NUN~a SILA3~a SZITA~a1 SZU SZU2 URI3~a
47	151186	P002099	1(N50) A AN EN~a MUD SAG SIG TE
47	155113	P005324	3(N40) 3(N57) 4(N03) A AN BA EN~a MUD MUSZ3~a NINDA2 RU SAG TE
48	151214	P006010	URI3~a
48	154304	P004051	EZEN~b URI3~a
49	151293	P002342	1(N36) 1(N45) 2(N14) 2(N19) 2(N34) BU~a SZE~a
49	153209	P328732	1(N45) 2(N14) 2(N34) 8(N14) DUB~a PAP~a SZE~a SZUBUR
50	151337	P002499	LU2 MUD
50	151390	P005049	LU2
51	151347	P002526	MASZ2
51	155514	P000824	MASZ2
52	151377	P002895	1(N01) 2(N01) 2(N02) AN GAL~a GAN~c MA ME~a SI SZAM2 SZU UB
52	154732	P006231	1(N01) 2(N01) AL AN KASZ~c KA~a MA SAGSZU SI SZITA~a1 SZU
53	151485	P003542	1(N01) 1(N04) 2(N01) 3(N01) 3(N57) 4(N01) AB~a AD~a AN BA BUR2 DUG~a GADA~a GA~a GI GU7 IB~a KI KU3~a LA2 MUD MUSZEN NUNUZ~a1 RU SANGA~a SIG2~b SUG5 SZE~a TUG2~a UR4~a UTUL~a ZATU629 ZATU649 ZATU659 ZATU752 ZATU753
53	155414	P003593	1(N01) 1(N14) 1(N57) 2(N01) 2(N14) 3(N01) 4(N01) 5(N01) 9(N01) AB~a AD~a AN BA BAD BAR BUR2 EN~a GADA~a GA~a GESZTU~b GI4~a GIR3~c GU7 GURUSZDA IB~a KI KUR~a LA2 MUSZEN PAP~a RU SANGA~a SIG2~b SUG5 SZITA~a1 SZUBUR TAK4~a TUG2~a TUR TUR3~a U4 USZ~a ZATU629 ZATU686~a ZATU749~a ZATU753
54	151515	P003597	1(N01) 2(N01) DUG~b EN~a KA~a KISIM~a SZURUPPAK~a ZATU752
54	155298	P002619	1(N01) 2(N01) BAR E2~a EN~a SANGA~a SZU SZURUPPAK~a ZATU752
55	151533	P003636	2(N01) EN~a GARA2~a IB~a KU3~a KU~b1 NI~a SUM~a U4 ZATU753
55	154158	P003516	2(N01) 7(N01) AB2 DUG~c EN~a GARA2~a GA~a IB~a IR11 KU~b2 NI~a SI SZAKIR~c U4 ZATU648 ZATU752 ZATU753
56	151562	P003716	1(N01) 1(N57) 2(N01) 3(N01) 5(N01) BAPPIR~d BUR2 DUG~c EN~a GAN~c IB~a RU SZUBUR TUG2~a U4 ZATU629 ZATU682 ZATU753
56	154381	P004307	1(N01) 1(N34) 1(N57) 2(N01) 4(N01) BA BAHAR2~b BUR2 DUG~c EN~a NUNUZ~a1 TUG2~a ZATU682
57	151723	P004591	NINDA2
57	153841	P002373	NINDA2
58	151764	P004677	1(N01) 1(N08) 1(N50) 1(N57) 2(N14) 5(N01) 5(N57) AB~a DUG~c EN~a GAN~a GAR GU7 MUSZ3~a NI~a NUN~a SILA3~a SZU2 TUG2~a ZATU651
58	151954	P004894	1(N01) 1(N08) 1(N57) 4(N01) 5(N57) BA DUG~c EN~a EZEN~b GAN~a GAN~b NUN~a SIG7 TUG2~a URUDU~a
59	151853	P004775	1(N01) 1(N14) 2(N01) 5(N01) DA~a E2~a EN~a GISZ3~b HI PAP~a SAL SUHUR SZU UNUG~a
59	154634	P006125	1(N01) 2(N01) 3(N57) 5(N01) A EN~a HI ISZ~b KASZ~c NAR PAP~a SAL SZA3~a1
60	151897	P004831	2(N46) 5(N14) SZU UB ZATU647
60	155329	P002719	GAL~a SZU UB UNUG~a ZATU647 ZI~a
61	151982	P004922	1(N01) 1(N06) 1(N08) 1(N14) 1(N24) 1(N57) 2(N01) 2(N14) 3(N01) 4(N01) 5(N01) 6(N01) AMA~a DU8~c GA2~a1 GAL~a GAR GIBIL GU4 KU6~a SIG2~a1 SU~a SZA SZITA@g~a SZITA~a1 U4 UDU~a UMBIN~a ZATU659
61	154798	P006286	1(N01) 1(N06) 1(N14) 2(N01) 2(N14) 3(N01) 4(N57) 5(N01) 7(N01) ANSZE~b BA DU8@g~c GAR HI@g~a KU6~a MU NE~a SILA3~a SZA SZITA@g~a SZITA~a1 U4 UDU~a UR2 ZATU714
62	152323	P000625	1(N01) ANSZE~b GIR~b LUM N TAK4~a TUM~a
62	152336	P000590	1(N01) A AK~a AL ANSZE~b DIN GESZTIN~a GIR~b GISZ KUR~c N NUN~b TAK4~a TUM~a
63	152408	P000248	1(N01) 1(N14) AGAR2 ALIM BAPPIR~d BIR3~c DUG~b EN~a GA'AR~a1 GA2~a1 GI GI6 GISZ KA~a KU6~a KUR@g~a KUR~b LAM~a N NAGA~a NIM~a NUN~a PU2 SIG7 SUHUR TUG2~a TUG2~a@g U2~b U4 UR4~a ZATU662
63	152414	P000279	1(N01) 1(N14) 3(N57) 4(N57) A AB2 AGAR2 ALIM DUG~b E2~a EN~a GISZ LUM N NIM~a NUN~a PU2 SIG2~b SIG7 SZA3~a1 TUG2~a TUG2~a@g ZATU662
64	152495	P471687	1(N01) 1(N08) 1(N14) 1(N16) 1(N17) 1(N57) 2(N01) 3(N01) 3(N14) 5(N14) 6(N14) A AB2 AMAR ANSZE~b BU~a DARA3~c DARA3~d DUGb GA2~a1 GAL~a GAR GAR@g~b GAR@g~c GA~b GISZ GU4 GUG2~a GUKKAL~c KUR~a LAGABa MASZ NINDA2 SAG@n SAL SIG2~b SILA3a SUHUR SUR SU~a SZA SZA3~a1 SZAH2a SZITA~a1 SZITA~b3 SZU SZU2~b TI~a U4 UDU~a ZATU629 ZATU646~b
64	152504	P000608	1(N01) 1(N57) A AB2 AMAR ANSZE~b BU~a DUG~b GA2~a1 GAL~a GA~b GU4 GUKKAL~c MASZ N SAL SILA3~a SUHUR SU~a SZA3~a1 SZAH2~a SZU TI UDU~a ZATU629 ZATU646
65	152547	P000369	1(N01) AD~a EN~a GAN2 N NE~a PIRIG~b1 SAL SZE3
65	152559	P000308	1(N01) 1(N45) AD~a DI EN~a GAN2 GI GISZ KI KISZIK~a N NE~a SAG SAL SZENNUR~a U2~b ZI~a
66	152584	P000566	1(N01) 1(N02) ANSZE~b ASAR BA DUR2 EN~a ERIN EZEN~a GI KA~a KI MUD NAM2 NUN~a PAP~a PIRIG~b1 SAG SAL SUKUD SU~a SZENNUR~a SZE~a UB ZAG~a ZATU647
66	152585	P000314	1(N01) BA EZEN~a GI KA~a KI SAG SIG2~b SU~a SZAM2 SZENNUR~a UNUG~a ZAG~a
67	152586	P000201	1(N01) A ADDA AN BA BAR BU~a DA~a DUR2 E2~a EN~a EZEN~b EZINU~d GAL~a GAN2 HI ILDUM~b KI MAR~a ME~a MUSZ3~a NAM2 NA~a NI2 NIM~a NUN~a SAL SI SIG7 SUKKAL SZENNUR~a SZE~a SZU SZUBUR TUM~a U4 ZATU647 ZATU737
67	152722	P471686	A BA BAR BU~a E2~a EN~a EZEN~b HI ILDUM~b KI MUSZ3~a NI2 SZUBUR TUG2~a ZATU647
68	153156	P325217	1(N34) 2(N01) 4(N14) 5(N01) 9(N01) AMAR DU EN~a KISZ PAP~a SANGA~a UR~a
68	153157	P325487	1(N34) 2(N01) 4(N14) 5(N01) 9(N01) AMAR DU EN~a KISZ PAP~a SANGA~a UR~a
69	153163	P326289	2(N01) 2(N45) 6(N01) DU EN~a GAL~a KISAL~b1 KISZ KUR~a PAP~a SANGA~a SI
69	153355	P411603	2(N01) 2(N45) 6(N01) DU EN~a GAL~a KISAL~b1 KISZ LAM~b NUN~b SANGA~a SI UMUN2
70	153205	P325740	1(N01) 1(N04) 1(N14) 1(N19) 1(N24) 2(N01) 2(N14) 2(N19) 2(N39~a) 2(N57) 3(N04) 4(N04) 5(N01) 5(N14) DUR2 EN~a GI HI NIN PA~a SZE~a SZU UDU~a ZATU751~a
70	154908	P005115	1(N04) 1(N14) 1(N19) 1(N24) 1(N45) 2(N01) 2(N04) 2(N14) 2(N19) 2(N39~a) 3(N01) 3(N14) 3(N39~a) 4(N14) 4(N19) 5(N01) 5(N14) AB~b BA E2~a EN~a GI PAP~a SZE~a SZITA~a1 SZU TU~b UB UD5~a UNUG~a
71	153227	P326287	1(N01) 1(N14) 1(N36) 1(N45) 1(N46) 2(N14) 2(N34) 2(N45) 3(N01) 3(N34) 4(N14) 6(N14) 6(N19) 9(N14) DU GI GUG2 KU6~a LAGAB~b SAL SAR~a SZE~a TE U2~b
71	153371	P411609	1(N14) 1(N36) 1(N45) 1(N46) 2(N14) 2(N34) 2(N45) 5(N14) 7(N19) 9(N19) GIBIL HI KISAL~b1 KU6~a LAGAB~b PAP~a SZE~a TE U4
72	153236	P325485	1(N04) 1(N24) 1(N28) 1(N30~c) 1(N39~a) 1(N41) 1(N57) 2(N01) 2(N18) 3(N39~a) 4(N03) 4(N14) GU~a HI SZE~a
72	153241	P330045	1(N01) 1(N14) 1(N24) 1(N28) 1(N30~c) 1(N39~a) 1(N57) 2(N18) 3(N14) 4(N03) 5(N01) GAR GU~a HI SZEN~b SZE~a SZU2 TUR U4
73	153251	P325455	1(N01) 1(N16) 1(N24) 1(N28) 1(N29~a) 1(N30~a) 1(N39~a) 2(N39~a) 3(N39~a) 6(N08) ABZU AN DU8~c GUG2 GUG2~a HI@g~a KU3~a LA2 NIM~b1 PAP~a SAL SUG5 SZE~a SZU SZUBUR U4
73	153662	P006362	1(N01) 1(N24) 1(N28) 1(N39~a) 1(N57) 2(N08) 2(N39~a) 3(N39~a) DU8~c@g GUG2 HI@g~a LUKUR PAP~a SZE~a TUR TUR3~a U4
74	153262	P325063	1(N01) 1(N03) 1(N14) 1(N24) 1(N25) 1(N27) 1(N28) 1(N28~c) 1(N30~a) 1(N30~c) 1(N42~a) 1(N51) 2(N01) 2(N39~a) 4(N01) 6(N01) AB~a BULUG3 GI4~a GU7 GUG2 HI@g~a LAGAB~a NE~a SZA SZAM2 SZITA~a1 TUR U4 URU~a1 ZATU726~d
74	153279	P325074	1(N14) 1(N24) 1(N30~a) 1(N30~c) 1(N40) 2(N01) 3(N01) 3(N03) DU8~c GAL~a GU7 GUG2 HI@g~a LAGAB~a SANGA~a SZA SZITA~a1 TUR ZATU726~d
75	153282	P325068	1(N14) 1(N24) 1(N39~a) 2(N01) 3(N39~a) 4(N39~a) GAR HAL HI@g~a KISAL~b1 KU6~a ME~a SANGA~a TUR3~b U4 ZATU710 ZATU714
75	154802	P006292	1(N01) 1(N14) 1(N24) 1(N39~a) 1(N42~a) 2(N01) 2(N39~a) 3(N01) 3(N14) 3(N42~a) 4(N39~a) AB~a BAR BIR3~b GAR GUG2 HI@g~a KISAL~b1 KU6~a LAGAB~a ME~a SI SZA SZE~a U2~a ZATU710
76	153284	P325065	1(N01) 1(N28) 1(N39~a) 2(N01) 2(N39~a) AB~a BA GU7 HI@g~a KU6~a SZIM~a U4 UNUG~a ZATU714
76	153318	P326800	1(N01) 1(N14) 1(N24) 1(N26) 1(N28) 1(N39~a) 1(N57) AB~a GU7 GUG2 HI@g~a KI KU6~a NE~a SI4~f SUHUR U4 UDU~a ZATU714 ZATU759
77	153290	P325746	1(N01) 1(N39~a) 2(N39~a) AB~a AN HI@g~a ZATU710
77	153381	P411624	1(N39~a) 2(N39~a) AB~a HI@g~a LAGAB~a SZA SZE~a
78	153325	P325488	APIN~a GI GIBIL NAGA~a NAR NIM~a SANGA~a U4
78	153326	P330060	1(N14) APIN~a GIBIL I KI NAGA~a NAR NUN~a U4 UB ZI~a
79	153331	P325483	1(N57)@t 2(N01) E2~a ZATU707~a ZATU710
79	153332	P330050	1(N01) 1(N57)@t 2(N01) DUG~a E2~a KI ZATU710
80	153378	P411621	1(N01) 1(N04) 1(N14) 1(N19) 1(N24) 1(N26) 1(N28) 1(N30~a) 1(N39~a) 2(N01) 2(N04) 2(N14) 2(N19) 2(N39~a) 3(N01) 3(N14) 3(N39~a) 4(N01) 4(N41) ABGAL AB~a AN BULUG3 EN~a ERIN GU7 N NUMUN NUNUZ~a1 NUN~a SAL SZAB~b SZE~a SZU TAR~a U4 UR5~a URI3~a ZATU788
80	154812	P006303	1(N14) 1(N16) 1(N24) 1(N26) 1(N28) 1(N39~a) 1(N45) 2(N01) 2(N45) 3(N01) 3(N39) 3(N39~a) 4(N01) 6(N14) 7(N14) AN BIR3~b EZEN~a GU7 NAGA~a NUNUZ~a1 SIG7 SU~a SZE~a SZU TAR~a U4 UR5~a
81	153410	P449893	1(N34) MASZ ME~a SZU
81	155270	P002182	1(N34) 1(N38) 2(N01) E~b ME~a SUHUR SZU
82	153580	P006429	1(N01) DA~a DU EN~a EZEN~b GURUSZ~a SAG URUDU~a USZ~a ZATU651 ZATU697~a
82	155260	P005476	1(N01) 2(N01) 3(N01) DA~a DU EN~a EZEN~b GURUSZ~a SAG URUDU~a USZ~a ZATU651 ZATU697~a
83	153605	P464148	1(N01) 2(N01) 3(N57) 5(N01) A AB~a AN BU~a E2~a EN~a E~a E~b GAL~a GI GISZ KI KISAL~b1 ME~a MUSZ3~a MUSZEN NA2~a NA~a NIR~a PAP@t PAP~a PA~a SAG SAL SANGA~a SI SZU SZU2~a SZURUPPAK~a TUR3~a UR~b ZATU759 ZATU809
83	153606	P464149	1(N01) 1(N14) 1(N57) 1(N57)@t 2(N01) 3(N14) 4(N01) 5(N01) AB~a BU~a DAR~a DU E2~a EN~a ERIN E~a E~b GAL~a GAN2 GA~a IB~a IDIGNA KI KISAL~b1 KU6~a KU~b1 LA2 MASZ MUSZ3~a MUSZEN NAM2 NA~a PAP@t PAP~a PA~a PIRIG~b1 SAL SANGA~a SI SIPA SUHUR@t SZE~a TE TUR3~a ZATU752
84	153642	P382658	1(N01) 1(N14) 1(N34) 1(N57) 2(N01) 3(N01) 3(N14) 3(N57) 4(N01) 4(N14) 5(N01) 6(N01) 7(N01) A AB~b APIN~a APIN~b ASAR BU~a DAH DU DU6~a E2~a EN~a E~b GA2~b GAL~a GESZTU~a GI HAL I IDIGNA KASZ~b KI KINGAL KISZ KU6~a LA2 MAR~b ME~a MUSZ3~a MUSZEN NAM2 NAR PAP@t PAP~a PA~a SANGA~a SAR SI SIG SUM~b SZE~a SZU SZU2 SZUR2~b TAR~a TE TI~a TUR U4 UB UDU~a URU~a1 ZATU633~b ZATU659 ZATU752 ZATU795 ZATU809
84	153650	P464162	1(N01) 1(N14) 1(N57) 2(N01) 2(N14) 3(N01) 3(N57) 4(N14) 5(N01) 5(N14) 6(N01) AB~a AB~b ASAR BU~a DU6 E2~a EN~a E~a GAL~a GI I IDIGNA KASZ~b KI LA2 ME~a MUD NAM2 NAR PAP@t PAP~a SANGA~a SI SIG SUHUR SZU SZU2 TE U4 U8 UB UDU~a ZATU633~b ZATU659 ZATU752 ZATU809
85	153675	P382659	1(N01) 1(N14) 1(N19) 2(N01) 2(N14) 2(N19) 2(N57) 3(N01) 3(N04) 3(N14) 3(N57) 4(N01) 4(N04) 4(N14) 5(N01) 5(N14) 7(N14) 8(N14) A AB~a DU DUG~a E2~a ERIN E~a GADA~a GAN2 GA~a GA~b GI IM~a ISZ~b KI KU3~a MUD MUSZEN NAGAR~a NA~a NE~a NIM~a NIN NUNUZ~a1 PAP~a RU SAL SANGA~a SUKKAL SU~a SZAB~b SZEG9 SZE~a SZITA~a1 SZU TUR3~a TUR3~b UMUN2 URU~a1 ZATU676~b ZATU752
85	153703	P464168	1(N14) 1(N45) 2(N01) 2(N14) 2(N19) 2(N57) 3(N01) 3(N57) 4(N14) 5(N01) AB~a E2~a ERIN E~a E~b GADA~a GA~b GI GIR3~c IM~a MUSZEN NA~a NUNUZ~a1 PAP~a SAL SANGA~a SUKKAL SU~a SZAM2 SZE~a SZITA~a1 SZU TUR3~a UMUN2 ZATU676~b
86	153718	P464183	1(N01) 1(N04) 1(N14) 1(N30~c) 1(N45) 2(N01) 2(N04) 2(N45) 3(N01) 3(N04) 4(N01) 4(N14) 5(N01) 5(N14) 5(N19) 9(N14) APIN~a BU~a DU EN~a E~a E~b GA~a IDIGNA KISAL~b1 KU6~a KU~b1 LA2 LAGAR~c NAM2 PAP@t PAP~a SAG SI SUG5 SUHUR SZE~a UR~b ZATU756
86	153719	P464184	1(N01) 1(N04) 1(N14) 1(N34) 1(N46) 2(N04) 2(N14) 2(N34) 2(N45) 2(N57) 3(N01) 3(N14) 4(N01) 8(N19) 9(N14) APIN~a BA DU EN~a E~a GA~a IDIGNA KISAL~b1 KU~b1 PAP@t PAP~a PA~a SAG SI SZA SZAM2 SZE~a SZU
87	153811	P002268	1(N01) 1(N14) 2(N01) 4(N01) AN BA EZEN~b MUSZ3~a NUN~a SUHUR SZAKIR~c TE ZATU752
87	156787	P003990	1(N14) 3(N01) 4(N01) 9(N01) AN BA DUG~b GA2~a2 MUSZ3~a NUN~a SUHUR
88	153859	P002447	NUN~a U2~a U4
88	154284	P003941	GUG2 KASZ~c NUN~a TAK4~a U2~a U4
89	153929	P002728	1(N01) 2(N01) AN BA LAGAB~b SI URI3~a ZATU694~c
89	156171	P001659	1(N01) AN BA PIRIG~a1 SI SZEG9
90	153932	P002631	GA~a KALAM~b RU SAL SANGA~a SIG7 ZI~a
90	156688	P002227	KALAM~b NU RU SAL
91	153954	P002799	4(N01) DA~a GAL~a ZATU752
91	156372	P002513	EZEN~b GAL~a ZATU752
92	154044	P004033	3(N01) 5(N01) 7(N01) DUG~a GI SZAKIR~c SZEN~b ZATU649
92	155107	P005318	1(N14) 3(N01) 5(N01) AB~a DUG~a GAL~a GI SZEN~b TUR
93	154094	P003022	KISAL~a1
93	155707	P001147	KISAL~a1
94	154163	P003570	1(N01) 1(N08) 2(N01) DUG~b GARA2~a HI NAGA~a NAR SILA3~a SZU U2~a
94	154368	P004291	1(N01) 1(N08) 2(N01) 2(N14) 3(N01) 8(N01) GAN~b GAR GARA2~a GESZTU~a GISZIMMAR~a3 HI KASKAL NAGA~a SZU TI U2~a U2~b UDU~a
95	154164	P003571	1(N01) DUB~a E2~a GIBIL GU7 IB~a MUD NUN~a U4
95	154762	P006258	1(N01) 1(N24) 2(N39~a) 3(N01) 5(N01) DAR~b GIBIL IB~a MUD NUN~a PAP~a SZE~a U4
96	154254	P003850	A AMA~a SU3 TUR3~a
96	155278	P002825	A ANSZE~b TUR3~a
97	154425	P004392	1(N04) 1(N45) 1(N46) 1(N49) 2(N19) 3(N01) 4(N14) 4(N19) 4(N34) 4(N36) 5(N01) APIN~a HI@g~a SZE~a UR5~a
97	156990	P004045	1(N01) 1(N45) 1(N46) 1(N48) 1(N49) 2(N14) 2(N36) 3(N01) 3(N19) 3(N57) 4(N14) 4(N34) 4(N36) SZE~a
98	154431	P004406	1(N45) 1(N57) U4
98	154502	P004668	1(N57) NA~a U4
99	154546	P006028	1(N01) 1(N06) 2(N01) 4(N01) 5(N01) 7(N01) A AN BA DA~a GAN2 GI GISZ3~b GU GUM~b KASZ~c KA~a KU~b1 LAGAB~a ME~a MUSZEN NAR NA~d NE~a NI~a PAP~a PIRIG~b1 SA~c SZA3~a1 SZIR~b SZU TAK4~a TI U2~b UDU~a ZI~a
99	154587	P006076	1(N01) 2(N01) 3(N01) 4(N01) A AD~a AN BA DA~a DUR2 GI GI6 GIR3~c GISZ3~b GU GUM~b I KASZ~c KA~a KU~b1 MUNSZUB~b NAR NE~a NI~a RU SI SZA3~a1 SZU SZU2 TAK4~a UR2 ZI~a
100	154556	P006038	1(N01) 1(N14) 1(N57) 2(N57) 3(N01) 5(N08) 7(N01) 7(N08) BAR KI RU U4 URU~a1
100	154680	P006170	1(N01) 1(N14) 7(N01) BAR EN~a KI NU PAP~a RU SZUBUR URU~a1 ZATU624~b ZATU659
101	154560	P006047	1(N01) 2(N01) 2(N14) 3(N57) APIN~a DI DUB~a E2~a EN2 EN~a E~a GAL~a GA~a GIR3@g~c GIR3~c GISZ3~b KU~b1 LAGAB~a LAGAB~b LAGAR~a LU2 MUNSZUB~b NAM2 NIN RAD~a SAG SAL SANGA~a SIG SZE~a SZUBUR TE U2~b UNUG~a URU~a1 UR~a ZATU659 ZATU819
101	154579	P006066	1(N01) 2(N01) 3(N01) 3(N57) 4(N01) 5(N14) AMA~a AN DAR~b DI DU DUB~a E2~b EN2 GAL~a GA~a GIR3~c GISZ3~b GUG2 IDIGNA KU~b2 LAGAB~a LAGAB~b LU2 MUNSZUB~b NAM2 NE~a NIN NI~a RAD~a RU SAG SANGA~a SIG SUM~b SZE~a SZIDIM SZUBUR TAR~a TE TI U2~b URU~a1 UR~a ZATU659 ZATU819
102	154695	P006187	1(N01) 2(N01) 2(N14) AN I KISZ LU2 MAR~a NI~a NUN~b SI SZIR~b UDUNITA~a
102	154726	P006224	1(N01) 2(N01) 4(N01) AN MAH~b MUNSZUB~b NI~a NUN~b UDUNITA~a ZATU839
103	154808	P006298	1(N05) 1(N20) 1(N25) 1(N42~a) 1(N46) 2(N46) 3(N05) 3(N20) 3(N42~a) 5(N05) 8(N20) BA HI@g~a SZE~a
103	154834	P006328	1(N05) 1(N20) 1(N42~a) 1(N46) 2(N20) 2(N46) 3(N05) 3(N42~a) 4(N05) 4(N20) 4(N42~a) 5(N05) BA GI GU7 HI@g~a SZE~a SZU UR5~a
104	154810	P006301	1(N02) 1(N14) 2(N01) 3(N14) 4(N01) BULUG3 BU~a GU4 GU7 KISAL~b1 KU6~a MUD NA~a SZE~a URU~a1
104	154842	P006337	2(N01) 2(N39~a) 3(N14) BU~a DA~a IM~a KI KISAL~b1 KU6~a MUD SZE~a UR5~a
105	154835	P006330	1(N01) 1(N05) 1(N14) 1(N20) 1(N24) 1(N25) 1(N28) 1(N28~c) 1(N29A~c) 1(N29~a) 1(N34) 1(N37) 1(N39~a) 1(N46) 1(N51) 1(N54) 2(N01) 2(N05) 2(N20) 2(N39~a) 2(N42~a) 2(N46) 2(N51) 3(N01) 3(N05) 3(N42~a) 4(N05) 4(N20) 4(N42~a) 5(N20) 5(N51) 6(N20) 6(N51) BA DU8~c GAR LAGAB~b NINDA2 SZE~a
105	155252	P005468	1(N05) 1(N20) 1(N24) 1(N26) 1(N28) 1(N29~a) 1(N34) 1(N37) 1(N39~a) 1(N40) 1(N42~a) 1(N47) 1(N48) 1(N51) 1(N54) 1(N57) 2(N05) 2(N20) 2(N34) 2(N47) 2(N51) 3(N05) 3(N20) 3(N34) 4(N03) 4(N05) 4(N20) 5(N05) 5(N20) 5(N34) 5(N51) 5(N54) 5(N57) 6(N20) 6(N57) 8(N18) 9(N20) BA DUG~a GAR KASZ~a U2~a
106	154875	P005082	1(N14) 1(N24) 3(N14) 4(N01) 9(N14) APIN~a GI NE~a SZE~a
106	154879	P005086	1(N14) 1(N45) APIN~a GI MUSZEN SZE~a
107	154886	P005093	1(N01) 1(N06) 1(N14) 1(N34) 1(N45) 3(N01) 3(N57) 5(N14) 8(N14) AB~a BA GI KAB ME~a NINDA2 NI~a RU SAL SZE~a SZITA@g~a SZU ZATU659
107	154887	P005094	1(N06) 1(N14) 1(N45) 2(N14) 2(N45) 3(N01) 5(N14) GU7 ME~a NI~a RU SANGA~a SZE~a SZITA@g~a TAR~a
108	155005	P005213	1(N01) 1(N08) 1(N14) 1(N25) 1(N42~a) 1(N57) 2(N01) 2(N42~a) 5(N08) A ABGAL AB~a AGAR2 AMA~a AN DI ENGIZ EN~a GAL~a GAR GIR3@g~b HI HI@g~a IB~a KASZ~a KU6~a MASZ ME~a MU NIM~b3 NI~a PA~a RU SAG SAL SANGA~a SIG7 SILA3~a SUHUR SUKUD SZA3~a2 SZAB~a SZAGAN SZIDIM SZITA~a1 TU~b U2~b U4 UDU~a UMUN2 ZATU659 ZATU714
108	155009	P005217	1(N01) 1(N14) 1(N25) 2(N01) 2(N42~a) 5(N08) A DI GAL~a GAR GIR3@g~b HI@g~a MASZ ME~a MU NI~a RU SUHUR SUKUD SZAB~a SZITA~a1 U2~b U4 UDU~a ZATU714
109	155071	P005279	1(N01) 1(N02) 1(N04) 1(N14) 2(N02) 2(N14) 2(N57) 3(N57) 7(N01) A AD~a AD~c AL AMA~a AN BU~a DAH DA~a DIM~a DIN DISZ DU DUG~a DUR2 E2~a EN~a ERIM~a GAL~a GAR GA~a GI GI6 GU4@g I IL KA2 KASZ~b KASZ~c KI KISIM~a KU3~a KU6~a KUR~a KU~b1 LAGAB~b LAM MA MAH~a MASZ MEN~a MUSZEN NA~a NE~a NI~a NUNUZ~a1 PAP~a PA~a PU2 RU SAG SAL SANGA~a SAR~a SI SILA3~a SU~a SZA SZE~a SZU2 TAK4~a TI TUM~c TUR TU~b U2~b UB UD5~a UDU~a URU~a1 ZATU694~c ZATU735~a ZATU751~a
109	155072	P005280	1(N01) 1(N02) 1(N14) 2(N01) 2(N57) 3(N57) A AB~a AD~c AL AMA~a AN BAR BU~a DAH DA~a DIM~a DISZ DU DUR2 E2~a E2~c EN~a ERIM~a GA2~a2 GAL~a GAR GA~a GESZTU~c5 GI GI6 I KA2 KASZ~b KI KISZ KU3~a KU6~a KUR~a KU~b1 LAGAB~b LAM LAM~b MA MAH~a MASZ MEN~a MUSZ3~a MUSZEN NA~a NI~a NUNUZ~a1 PAP~a PIRIG~b1 PU2 RU SAG SAL SAR~a SI SU~a SZA SZE3 SZE~a SZU SZU2 SZUR2~a TAK4~a TI TUM~c TUR TU~b U2~b U4 UD5~a UDU~a UR2 URU~a1 ZATU735~a ZATU751~a
110	155114	P005325	1(N24~a) 1(N40) 1(N57)@t 2(N03) 2(N40) 3(N03) 3(N18) 3(N40) 4(N03) 4(N40) AN BA BU~a E2~a GISZ GU7 GURUSZ~a HI KA~a KU3~a MUD MUSZ3~a NIR~a SAGSZU SAL SZU SZUBUR TE UR2
110	155118	P005329	1(N03) 1(N18) 1(N24~a) 1(N40) 1(N57)@t 1(N58) 2(N40) 3(N03) 3(N40) 3(N57) AN BAD~a BU~a E2~a GI6 GU7 HI KA~a MUD NI~a PA~a RU SAG SAL SI SUKKAL SZUBUR TE U4 UR4~b ZABALAM~a ZI~a
111	155129	P005340	1(N01) 1(N34) 1(N39~a) 3(N14) 3(N48) 6(N14) 7(N01) DUB~a KU~b1 LAGAB~b SZAM2 SZE~a SZIM~a U4
111	155166	P005377	1(N34) 1(N39~a) 1(N45) 2(N01) 2(N45) 3(N14) 3(N57) 4(N14) 8(N14) BU~a DUB~a KU~b1 NI~a SA~c SZAM2 SZE~a SZIM~a
112	155149	P005360	1(N34) 1(N45) 2(N34) 3(N01) 3(N14) 7(N14) BA BULUG3 KALAM~b KI KINGAL MUSZEN NI~a PA~a SA~c SI4~f SZE~a SZURUPPAK~b
112	155158	P005369	1(N04) 1(N34) 2(N34) 2(N45) 3(N01) 3(N14) 4(N14) 4(N34) 5(N01) 5(N14) 7(N14) 9(N14) A BA BU~a DAR~a DU EN~a KI KU~b2 MUSZEN NI~a SANGA~a SA~c SI4~f SZE3 SZE~a SZIM~a TUR
113	155168	P005379	1(N45) 2(N14) 2(N19) 3(N14) 4(N19) 8(N14) ERIM~a GAL~a GU7 NAM2 NAM~c NIN NUN~a PAP~a SAG SANGA~a SZE~a TUR3~a
113	155184	P005395	1(N19) 1(N45) 2(N01) 2(N14) 2(N19) 3(N01) 3(N14) 4(N19) 5(N19) 6(N14) AB~b E2~b GAL~a ISZ~b NI~a NUN~a PAP~a SA~c SI4~f SZE~a TUR3~a
114	155187	P005403	1(N14) 1(N45) 1(N57) 2(N19) 2(N45) 2(N57) 3(N19) 3(N34) 3(N57) 4(N14) 4(N57) 5(N14) 5(N57) 6(N14) 6(N57) 7(N57) 8(N14) 8(N57) 9(N14) AB2 DA~a EN~a GAN2 GI6 GU7 HI KI KU6~a MAR~a ME~a MUSZEN NE~a RAD~a SAL SZA3~a2 SZE~a SZU SZU2 SZUBUR U4 UR2 ZATU756 ZATU757
114	155188	P005404	1(N45) 1(N57) 2(N14) 2(N45) 3(N34) 5(N14) 7(N14) 7(N57) 8(N14) 8(N19) 8(N57) 9(N14) A AN EN~a GAN2 GURUSZ~a KI KU6~a ME~a NAM2 RAD~a SAL SANGA~a SZE~a TUM~c U4 UR2
115	155196	P005412	1(N14) 1(N34) 2(N01) 3(N14) 5(N01) 5(N57) BA EN~a ERIN GI KU6~a PAP~a RAD~a SANGA~a SUHUR SZA3~a2 U4 UDU~a UR2 URI3~a ZAG~a
115	155200	P005416	1(N14) 2(N34) 2(N52) 3(N14) 4(N01) GI KU6~a RAD~a SAL SUHUR UDU~a UR2 URI3~a
116	155481	P000776	2(N14) 2(N34) GAR3 MUSZEN UR3~b2 ZATU694~d
116	155490	P000790	2(N14) 2(N34) 5(N01) GAR3 GI GUL KA~a NA~b ZATU694~d
117	155522	P000834	1(N01) 3(N01) 3(N02) 9(N01) APIN~a BA PAP~a SIG7 SZIR~b TUR
117	155581	P000925	1(N01) 1(N02) 3(N01) 6(N01) APIN~a BA BU~a NA2~a@n TUR
118	155526	P000838	1(N01) 2(N01) GAL~a GA~a GESZTU~b NIMGIR SI4~a SZITA~a1 UKKIN~a
118	156008	P001476	1(N01) 2(N01) ERIM~a GAL~a GA~a GESZTU~b IDIGNA UNUG~a
119	155638	P001028	2(N01) MAR~a NUN~b SZE~a UMBIN~a
119	155825	P001283	2(N01) GURUSZDA MAR~a MUSZ3~a SZE~a UTUA~a
120	155769	P001227	1(N01) 1(N07~b) 1(N08) 1(N14) 1(N24) 2(N01) 2(N07~b) 3(N07~b) 4(N01) EN~b NESAG2~a NUN~a ZATU724
120	156010	P001478	1(N01) 1(N07~b) 1(N08) 1(N09) 1(N11) 1(N24) 2(N07~b) 3(N07~b) BA EN~b EZINU~d UMUN2
121	155776	P001234	1(N05) 1(N20) 1(N38) 3(N01) 6(N01) EN~a KUSZU2~b NUN~a SZAB~a SZU2 U4 UDU~a
121	155787	P001245	1(N01) 1(N20) 1(N38) 6(N01) GI SZU2 U4 UDU~a
122	155853	P001313	1(N34) EZEN~a GUKKAL~a NIMGIR
122	157174	P003077	1(N34) EZEN~a NIM~b2
123	156016	P001484	1(N01) 1(N01@r) 2(N01) 2(N14) 6(N01) DU EZEN~a GA~a KAK~b ZATU688~b
123	156941	P003851	1(N01) 1(N57) 2(N01) 2(N58) 6(N01) DU GA~a PAP~b SANGA~a
124	156020	P001488	A GA2~a1 KUSZU2~a SUHUR
124	156026	P001494	A BU~b GA2~a1 NUN~a SUHUR
125	156094	P001574	1(N48) 5(N34) GAR3 KU6~a
125	156746	P003199	1(N48) 5(N34) SZIR~a
126	156319	P002097	BAHAR2~b GAL~a NUNUZ~a1
126	157015	P004123	3(N01) A BAHAR2~b NUNUZ~a1
127	156356	P002485	2(N01) MAR~a PA~a ZATU699~b
127	156799	P004017	2(N01) MAR~a PA~a UDU~c
128	156376	P002520	1(N01) 1(N57) 2(N01) AB2 GIR2~a GU7 SILA3~a SZE~a@t SZITA~a1 ZATU753
128	156384	P002545	1(N01) 6(N01) AB2 ANSZE~e GIR2~a GU7 SIG2~b SILA3~a SZE~a SZITA~a1 UNUG~a ZATU753
129	156703	P002446	A GI GUN3~b PAP~a SAL
129	156953	P003933	5(N14) A GI SAL
130	156833	P004249	1(N01) 1(N14) 3(N01) 4(N01) 4(N14) 5(N01) 6(N01) DA~a GI HASZHUR KISAL~a1 NESAG2~b PA~a SANGA~a SILA4~b SZE3 SZITA@g~a UKKIN~a
130	156836	P004360	1(N01) 1(N14) 4(N01) 5(N01) 5(N14) 6(N01) 7(N01) DA~a E2~a HASZHUR KISAL~a1 MEN~a MUSZ3~a NESAG2~b NUN~a SANGA~a SZAB~a SZITA~a1 UKKIN~a ZATU737
